,category,COUNTRYEXPORT,CUSTOMSVALUEPHP
0,Wood & Wood Products,CHINA,92128419982.19066
1,Wood & Wood Products,JAPAN,41428077680.400215
2,Wood & Wood Products,UNITED STATES,36600461513.39321
3,Wood & Wood Products,INDONESIA,35006512929.67956
4,Wood & Wood Products,CANADA,31405738994.09989
5,Wood & Wood Products,MALAYSIA,24299024059.56207
6,Wood & Wood Products,SINGAPORE,20012484113.320744
7,Wood & Wood Products,"KOREA, REPUBLIC OF",18676867478.11062
8,Wood & Wood Products,FINLAND,16503563807.031887
9,Wood & Wood Products,THAILAND,12011262691.250044
10,Wood & Wood Products,HONG KONG,11872952315.04891
11,Wood & Wood Products,"TAIWAN, PROVINCE OF CHINA",11612552498.719036
12,Wood & Wood Products,SWEDEN,11255031252.784616
13,Wood & Wood Products,"GERMANY, FEDERAL REPUBLIC OF",9963552952.939177
14,Wood & Wood Products,NEW ZEALAND,8731422841.891565
15,Wood & Wood Products,VIET NAM,7185616654.064848
16,Wood & Wood Products,UNITED KINGDOM,6073133167.288117
17,Wood & Wood Products,AUSTRALIA,4236748044.144087
18,Wood & Wood Products,NETHERLANDS,3541369549.0268946
19,Wood & Wood Products,RUSSIAN FEDERATION,3399059985.227469
20,Wood & Wood Products,FRANCE,3330142152.3276696
21,Wood & Wood Products,AUSTRIA,3282912553.550292
22,Wood & Wood Products,MALTA,3276848247.603151
23,Wood & Wood Products,CHILE,2469246538.189881
24,Wood & Wood Products,SRI LANKA,1715222111.3196602
25,Wood & Wood Products,SOLOMON ISLANDS,1707092521.67165
26,Wood & Wood Products,ITALY,1557460410.1652205
27,Wood & Wood Products,INDIA,1429312250.5401194
28,Wood & Wood Products,BRAZIL,1403705456.7068694
29,Wood & Wood Products,SOUTH AFRICA,1358865645.6852505
30,Wood & Wood Products,POLAND,1093496380.308739
31,Wood & Wood Products,UNITED ARAB EMIRATES,1083058397.4032195
32,Wood & Wood Products,SLOVENIA,1046928106.2062991
33,Wood & Wood Products,SPAIN,782609548.2748402
34,Wood & Wood Products,BELGIUM,662737349.1088698
35,Wood & Wood Products,MACAU,448542425.66849005
36,Wood & Wood Products,PAPUA NEW GUINEA,436327323.10194993
37,Wood & Wood Products,UKRAINE,412336745.69247997
38,Wood & Wood Products,SWITZERLAND,279571449.86457
39,Wood & Wood Products,PAKISTAN,262681117.99248007
40,Wood & Wood Products,GABON,244424884.5889799
41,Wood & Wood Products,PORTUGAL,224809760.7223899
42,Wood & Wood Products,MEXICO,220578905.85861987
43,Wood & Wood Products,ISRAEL,186429196.75392
44,Wood & Wood Products,CZECH REPUBLIC,138098063.54697004
45,Wood & Wood Products,KENYA,128809901.93298
46,Wood & Wood Products,DENMARK,99186135.70144999
47,Wood & Wood Products,URUGUAY,70905301.0187
48,Wood & Wood Products,IRELAND,65319600.99818007
49,Wood & Wood Products,ARGENTINA,63388891.29697
50,Wood & Wood Products,LIECHTENSTEIN,61819883.86579998
51,Wood & Wood Products,ESTONIA,61096533.08848002
52,Wood & Wood Products,BULGARIA,53828213.406119995
53,Wood & Wood Products,LATVIA,52487408.61437001
54,Wood & Wood Products,CYPRUS,45135996.62866
55,Wood & Wood Products,NORWAY,41605405.654640004
56,Wood & Wood Products,"KOREA, DEM. PEOPLE'S REP.",40686042.601530015
57,Wood & Wood Products,TURKEY,39300957.15046996
58,Wood & Wood Products,CAMBODIA,37376734.093229994
59,Wood & Wood Products,ROMANIA,30528944.642390013
60,Wood & Wood Products,SAUDI ARABIA,30368019.34593
61,Wood & Wood Products,EQUATORIAL GUINEA,29526006.345730003
62,Wood & Wood Products,COLOMBIA,27976540.895250004
63,Wood & Wood Products,JORDAN,26942912.789649997
64,Wood & Wood Products,GREECE,22776406.323019993
65,Wood & Wood Products,MYANMAR (former BURMA),22477427.676250003
66,Wood & Wood Products,Neutral zone,20985283.35479
67,Wood & Wood Products,ECUADOR,18148785.998660002
68,Wood & Wood Products,LUXEMBOURG,17554973.46169
69,Wood & Wood Products,BANGLADESH,17013531.46756999
70,Wood & Wood Products,LITHUANIA,13701767.481670002
71,Wood & Wood Products,PERU,13571082.02776
72,Wood & Wood Products,SIERRA LEONE,11482131.12694
73,Wood & Wood Products,KUWAIT,10553305.921269996
74,Wood & Wood Products,CAMEROON,8652123.86768
75,Wood & Wood Products,NORFOLK ISLAND,8434963.23068
76,Wood & Wood Products,QATAR,7511106.9153200025
77,Wood & Wood Products,MAURITIUS,7182107.1696
78,Wood & Wood Products,TUNISIA,6607779.40068
79,Wood & Wood Products,GUINEA,6017579.424
80,Wood & Wood Products,GHANA,5910653.62959
81,Wood & Wood Products,GEORGIA,5549321.50725
82,Wood & Wood Products,COSTA RICA,5453783.101910001
83,Wood & Wood Products,HONDURAS,4795219.993980002
84,Wood & Wood Products,HUNGARY,3964260.6063800007
85,Wood & Wood Products,CENTRAL AFRICAN REPUBLIC,3834310.71617
86,Wood & Wood Products,EGYPT,3623862.4600000004
87,Wood & Wood Products,CROATIA,3346577.248100001
88,Wood & Wood Products,MOROCCO,2336482.2327400004
89,Wood & Wood Products,LAO PEOPLE'S DEMOCRATIC REPUBLIC,2331577.614
90,Wood & Wood Products,JAMAICA,1799868.0484200001
91,Wood & Wood Products,NICARAGUA,1677364.5647200001
92,Wood & Wood Products,DOMINICAN REPUBLIC,1632807.2040000001
93,Wood & Wood Products,ANGOLA,1348528.7136
94,Wood & Wood Products,YUGOSLAV REP. OF MACEDONIA,1191955.1113500001
95,Wood & Wood Products,SEYCHELLES,1177197.6873
96,Wood & Wood Products,NETHERLANDS ANTILLES,1170778.185
97,Wood & Wood Products,OMAN,1109214.6334099995
98,Wood & Wood Products,GUAM,917872.9146100001
99,Wood & Wood Products,LEBANON,789308.589
100,Wood & Wood Products,BRITISH VIRGIN ISLANDS,734826.5945
101,Wood & Wood Products,GUYANA,715178.91932
102,Wood & Wood Products,SAINT LUCIA,616536.0670500001
103,Wood & Wood Products,"IRAN, ISLAMIC REPUBLIC OF",611129.0919
104,Wood & Wood Products,WALLIS AND FUTUNA ISLANDS,465361.8816
105,Wood & Wood Products,BOSNIA-HERCEGOVINA,457557.83488000004
106,Wood & Wood Products,BOTSWANA,430968.0
107,Wood & Wood Products,PANAMA,365963.5767000001
108,Wood & Wood Products,SLOVAKIA,307289.12802
109,Wood & Wood Products,BELARUS,217308.1525
110,Wood & Wood Products,UGANDA,195525.5484
111,Wood & Wood Products,BAHRAIN,147421.59712
112,Wood & Wood Products,BRUNEI DARUSSALAM,113483.33224999999
113,Wood & Wood Products,CHRISTMAS ISLANDS,63039.6
114,Wood & Wood Products,MONACO,40618.96522
115,Wood & Wood Products,YUGOSLAVIA (former Fed. of),23125.06566
116,Wood & Wood Products,US MINOR OUTLYING ISLANDS,21069.29952
117,Wood & Wood Products,REPUBLIC OF SERBIA,19921.6975
118,Wood & Wood Products,UZBEKISTAN,14890.6247
119,Wood & Wood Products,EAST TIMOR,14840.400000000001
120,Wood & Wood Products,EL SALVADOR,13142.04892
121,Wood & Wood Products,MARSHALL ISLANDS,7766.16
122,Wood & Wood Products,NAMIBIA,7487.320000000001
123,Wood & Wood Products,BELIZE,1916.176
124,Wood & Wood Products,PHILIPPINES,1817.1238400000002
125,Wood & Wood Products,SAMOA,1780.8480000000002
126,Wood & Wood Products,FIJI,1502.6415
127,Wood & Wood Products,YEMEN,1490.1684300000002
128,Wood & Wood Products,NORTHERN MARIANAS,844.77006
129,Wood & Wood Products,MOLDOVA,60.447449999999996
130,Vegetable Products,UNITED STATES,173924555913.83517
131,Vegetable Products,VIET NAM,110678672110.5872
132,Vegetable Products,MALAYSIA,103552679106.04686
133,Vegetable Products,AUSTRALIA,89168149310.42755
134,Vegetable Products,CHINA,85514130759.42331
135,Vegetable Products,INDONESIA,80872878621.7096
136,Vegetable Products,THAILAND,65600999600.95039
137,Vegetable Products,UKRAINE,45161832004.89806
138,Vegetable Products,INDIA,13638954869.424831
139,Vegetable Products,RUSSIAN FEDERATION,11625463992.150951
140,Vegetable Products,CANADA,11260090287.291327
141,Vegetable Products,MYANMAR (former BURMA),11204677022.564388
142,Vegetable Products,PAKISTAN,9607890326.56286
143,Vegetable Products,ARGENTINA,6898227711.368733
144,Vegetable Products,PAPUA NEW GUINEA,6744951149.833212
145,Vegetable Products,BRAZIL,6429410987.652363
146,Vegetable Products,BULGARIA,5652091420.79698
147,Vegetable Products,SINGAPORE,5222259369.070074
148,Vegetable Products,"GERMANY, FEDERAL REPUBLIC OF",4500838952.156404
149,Vegetable Products,ROMANIA,3686847339.49868
150,Vegetable Products,NETHERLANDS,3684727096.256915
151,Vegetable Products,TURKEY,3053855279.81873
152,Vegetable Products,FRANCE,3050527193.5449505
153,Vegetable Products,SWITZERLAND,2354509659.266709
154,Vegetable Products,SPAIN,2142764483.66036
155,Vegetable Products,DENMARK,2065261902.0564294
156,Vegetable Products,VANUATU,1788005157.7784908
157,Vegetable Products,NEW ZEALAND,1763138716.6020114
158,Vegetable Products,SOLOMON ISLANDS,1707461884.3158803
159,Vegetable Products,"KOREA, REPUBLIC OF",1635049824.3752487
160,Vegetable Products,JAPAN,1569262389.791109
161,Vegetable Products,BELGIUM,1479280301.0894167
162,Vegetable Products,CHILE,1374345266.1639526
163,Vegetable Products,SOUTH AFRICA,1257958692.4654903
164,Vegetable Products,ITALY,1233058178.4592671
165,Vegetable Products,UNITED KINGDOM,1170853502.434061
166,Vegetable Products,IRELAND,1047721930.4963392
167,Vegetable Products,AUSTRIA,755239027.1347603
168,Vegetable Products,"TAIWAN, PROVINCE OF CHINA",573371580.3044808
169,Vegetable Products,HONG KONG,531985310.2513
170,Vegetable Products,MEXICO,478433256.68456036
171,Vegetable Products,UNITED ARAB EMIRATES,403976078.72783
172,Vegetable Products,SRI LANKA,299589638.6005098
173,Vegetable Products,POLAND,238749869.15086004
174,Vegetable Products,KIRIBATI,227747789.02323002
175,Vegetable Products,GREECE,138986821.81837
176,Vegetable Products,SUDAN,117580460.31826003
177,Vegetable Products,ISRAEL,93329311.71560997
178,Vegetable Products,CROATIA,92980275.72383
179,Vegetable Products,PERU,85112131.52996
180,Vegetable Products,MOLDOVA,62787417.58189999
181,Vegetable Products,MARSHALL ISLANDS,58553278.6723
182,Vegetable Products,URUGUAY,41476972.13500999
183,Vegetable Products,Neutral zone,37285395.884
184,Vegetable Products,BELIZE,35348989.4878
185,Vegetable Products,BOSNIA-HERCEGOVINA,34179491.824430004
186,Vegetable Products,MALI,31320807.21055
187,Vegetable Products,SWEDEN,24312156.06866001
188,Vegetable Products,"IRAN, ISLAMIC REPUBLIC OF",21913945.671620004
189,Vegetable Products,EGYPT,21039379.9279
190,Vegetable Products,PARAGUAY,20828382.24801
191,Vegetable Products,MOZAMBIQUE,19987076.23578
192,Vegetable Products,MALAWI,19083540.34845
193,Vegetable Products,"TANZANIA, UNITED REPUBLIC OF",17088509.962169997
194,Vegetable Products,VENEZUELA,16841086.738539997
195,Vegetable Products,HUNGARY,16685368.273489999
196,Vegetable Products,GUATEMALA,14623490.750120003
197,Vegetable Products,CAMBODIA,11074130.08898
198,Vegetable Products,COSTA RICA,8236359.197
199,Vegetable Products,ESTONIA,8078875.079999998
200,Vegetable Products,GHANA,7693335.734000001
201,Vegetable Products,COLOMBIA,7109669.76447
202,Vegetable Products,COTE D'IVOIRE,6940837.441950001
203,Vegetable Products,PHILIPPINES,6759817.07
204,Vegetable Products,LITHUANIA,6656616.125
205,Vegetable Products,REPUBLIC OF SERBIA,5736822.866760001
206,Vegetable Products,UNITED STATES VIRGIN ISLANDS,5302442.2109199995
207,Vegetable Products,KENYA,4921446.16
208,Vegetable Products,BRUNEI DARUSSALAM,4181552.7084600003
209,Vegetable Products,UZBEKISTAN,3268672.8168099998
210,Vegetable Products,ETHIOPIA,3231181.6084800004
211,Vegetable Products,BANGLADESH,2947975.2898600004
212,Vegetable Products,NORWAY,2932118.9898499995
213,Vegetable Products,PORTUGAL,2810616.72565
214,Vegetable Products,ICELAND,2737896.50745
215,Vegetable Products,HONDURAS,2382863.9299999997
216,Vegetable Products,LATVIA,2097903.7887500003
217,Vegetable Products,GUAM,1874913.5534099997
218,Vegetable Products,BOLIVIA,1699621.44
219,Vegetable Products,TUNISIA,1592656.3
220,Vegetable Products,FINLAND,1381949.9105900002
221,Vegetable Products,CYPRUS,1236549.6
222,Vegetable Products,UGANDA,1214857.8
223,Vegetable Products,"KOREA, DEM. PEOPLE'S REP.",1210840.6456
224,Vegetable Products,NIGERIA,879957.10336
225,Vegetable Products,SENEGAL,847831.63
226,Vegetable Products,PANAMA,492632.34972
227,Vegetable Products,DJIBOUTI,483504.0
228,Vegetable Products,MADAGASCAR,472260.96728
229,Vegetable Products,SAUDI ARABIA,364717.71562000003
230,Vegetable Products,US MINOR OUTLYING ISLANDS,338219.53659000003
231,Vegetable Products,CAMEROON,287981.18649999995
232,Vegetable Products,EAST TIMOR,281875.60082
233,Vegetable Products,CZECH REPUBLIC,264322.017
234,Vegetable Products,JORDAN,225404.89632
235,Vegetable Products,OMAN,113722.81841000002
236,Vegetable Products,MONACO,16714.984959999998
237,Vegetable Products,LIECHTENSTEIN,3063.77435
238,Vegetable Products,GEORGIA,993.0200000000001
239,Vegetable Products,LUXEMBOURG,956.7679999999999
240,Transportation,THAILAND,555381964517.5627
241,Transportation,INDONESIA,409005450303.14484
242,Transportation,JAPAN,304764043158.36633
243,Transportation,CHINA,171753695183.10507
244,Transportation,FRANCE,115651686314.12006
245,Transportation,"GERMANY, FEDERAL REPUBLIC OF",101537753256.7276
246,Transportation,"KOREA, REPUBLIC OF",94147668979.72119
247,Transportation,UNITED STATES,71623186865.27406
248,Transportation,INDIA,51257132939.04518
249,Transportation,SINGAPORE,39018820360.060585
250,Transportation,MALAYSIA,37726384172.99805
251,Transportation,HONG KONG,32541660045.090267
252,Transportation,IRELAND,23645739250.06997
253,Transportation,UNITED KINGDOM,21360864363.63638
254,Transportation,CANADA,16803445865.92468
255,Transportation,VIET NAM,11461972424.045946
256,Transportation,"TAIWAN, PROVINCE OF CHINA",8207269322.254035
257,Transportation,BELGIUM,6756241907.082541
258,Transportation,UNITED ARAB EMIRATES,4701230244.511105
259,Transportation,ISRAEL,4608247995.2334585
260,Transportation,ITALY,4519427851.644435
261,Transportation,CZECH REPUBLIC,4053577424.7123637
262,Transportation,NETHERLANDS,3716886688.3790507
263,Transportation,SPAIN,3405521839.4950423
264,Transportation,CAYMAN ISLANDS,2909563394.6000004
265,Transportation,SWEDEN,2516672940.0301213
266,Transportation,TURKEY,2487403977.5760083
267,Transportation,CAMBODIA,2169686363.39856
268,Transportation,AUSTRALIA,1875823326.3411496
269,Transportation,SWITZERLAND,1750973086.0032437
270,Transportation,LIBERIA,1619146725.0
271,Transportation,DENMARK,1550587958.6206079
272,Transportation,PANAMA,1469892620.0349998
273,Transportation,MEXICO,1401395480.2468395
274,Transportation,AUSTRIA,901625302.1016501
275,Transportation,SAUDI ARABIA,854224995.8367596
276,Transportation,RUSSIAN FEDERATION,599734571.0138403
277,Transportation,POLAND,433995696.78218
278,Transportation,QATAR,405517176.44525003
279,Transportation,MYANMAR (former BURMA),341978964.0843
280,Transportation,FRENCH POLYNESIA,301224950.0
281,Transportation,NEW ZEALAND,298939650.3555296
282,Transportation,BRAZIL,287044929.81561
283,Transportation,EGYPT,283943650.8185899
284,Transportation,FINLAND,281740625.6323199
285,Transportation,SOUTH AFRICA,277846162.23645
286,Transportation,LITHUANIA,204342439.46025
287,Transportation,MONGOLIA,195012475.0
288,Transportation,SEYCHELLES,183813838.103
289,Transportation,BAHAMAS,142454400.0
290,Transportation,SRI LANKA,124601991.35361001
291,Transportation,ANTIGUA AND BARBUDA,120040596.0
292,Transportation,PAPUA NEW GUINEA,94768179.677
293,Transportation,NORWAY,94298012.67304
294,Transportation,GIBRALTAR,71970200.0
295,Transportation,PERU,66387642.47000001
296,Transportation,BRITISH VIRGIN ISLANDS,65180658.1
297,Transportation,BRUNEI DARUSSALAM,47142589.446559995
298,Transportation,BAHRAIN,44688621.08594
299,Transportation,LATVIA,40299830.656169996
300,Transportation,KYRGYZSTAN,37694200.0
301,Transportation,GUAM,37232722.69984
302,Transportation,BULGARIA,35982903.90117
303,Transportation,"KOREA, DEM. PEOPLE'S REP.",35241590.74809999
304,Transportation,MARSHALL ISLANDS,32565732.940249998
305,Transportation,NAMIBIA,32051775.959999997
306,Transportation,HUNGARY,31215480.139590003
307,Transportation,PAKISTAN,25152140.50131
308,Transportation,FED. STATES OF MICRONESIA,23878554.0
309,Transportation,KUWAIT,22405446.442770004
310,Transportation,COLOMBIA,18407711.125699997
311,Transportation,DJIBOUTI,16582512.0
312,Transportation,PORTUGAL,14660945.635869998
313,Transportation,JORDAN,14531597.117640002
314,Transportation,NIGERIA,13955088.579
315,Transportation,GEORGIA,13079918.82838
316,Transportation,MACAU,12855761.896959998
317,Transportation,GREECE,11831478.1981
318,Transportation,JAMAICA,8788899.158799998
319,Transportation,ROMANIA,8783206.431219999
320,Transportation,Neutral zone,8338041.60168
321,Transportation,SLOVAKIA,6523850.76244
322,Transportation,HAITI,5781432.082200001
323,Transportation,SLOVENIA,5761413.25708
324,Transportation,MALTA,5340050.5304
325,Transportation,ANTARCTICA,5228693.6
326,Transportation,OMAN,3829475.3359799995
327,Transportation,CHILE,3736983.8513200004
328,Transportation,LEBANON,3134194.98505
329,Transportation,MOROCCO,3022053.28308
330,Transportation,BELARUS,2684485.9357300005
331,Transportation,KIRIBATI,2306113.4
332,Transportation,ALBANIA,2108403.7375000003
333,Transportation,SAINT LUCIA,1934120.13195
334,Transportation,NEPAL,1312721.1620999998
335,Transportation,CHAD,1184566.06
336,Transportation,UKRAINE,944495.4519800001
337,Transportation,BOTSWANA,719894.0000000001
338,Transportation,ESTONIA,685568.24136
339,Transportation,Andorra,617765.0434200001
340,Transportation,CHRISTMAS ISLANDS,588432.458
341,Transportation,HONDURAS,471327.32075
342,Transportation,LYBIAN ARAB JAMAHIRIYA,313488.00000000006
343,Transportation,ARGENTINA,283230.52038999996
344,Transportation,CROATIA,282261.45441999997
345,Transportation,US MINOR OUTLYING ISLANDS,279740.46465000004
346,Transportation,IRAQ,244717.404
347,Transportation,BELIZE,140438.85900000003
348,Transportation,UNITED STATES VIRGIN ISLANDS,113242.675
349,Transportation,SIERRA LEONE,105639.0592
350,Transportation,NEW CALEDONIA,103514.40000000001
351,Transportation,"IRAN, ISLAMIC REPUBLIC OF",101595.34432
352,Transportation,CENTRAL AFRICAN REPUBLIC,99656.3832
353,Transportation,KENYA,78156.0
354,Transportation,REPUBLIC OF SERBIA,76489.12521000001
355,Transportation,SYRIAN ARAB REPUBLIC,40641.385
356,Transportation,BANGLADESH,36381.214
357,Transportation,COSTA RICA,32339.365240000003
358,Transportation,LUXEMBOURG,23026.565599999998
359,Transportation,COTE D'IVOIRE,17134.903499999997
360,Transportation,ICELAND,14823.76194
361,Transportation,YUGOSLAVIA (former Fed. of),5517.5922199999995
362,Transportation,MALDIVES,2644.35
363,Transportation,URUGUAY,193.468
364,Textiles,CHINA,174462294203.62802
365,Textiles,"KOREA, REPUBLIC OF",40283209812.93298
366,Textiles,"TAIWAN, PROVINCE OF CHINA",27652276788.272118
367,Textiles,HONG KONG,27028034681.145092
368,Textiles,JAPAN,25144897051.117992
369,Textiles,VIET NAM,21890742449.243168
370,Textiles,THAILAND,14836277319.742435
371,Textiles,UNITED STATES,10804504967.17149
372,Textiles,INDONESIA,8917758683.070189
373,Textiles,INDIA,8271593613.114499
374,Textiles,SPAIN,7311469375.086943
375,Textiles,MALAYSIA,7011496595.649833
376,Textiles,SINGAPORE,6040796382.584999
377,Textiles,BANGLADESH,5048574626.95449
378,Textiles,ITALY,2837075352.134551
379,Textiles,ECUADOR,2452393790.1848598
380,Textiles,CAMBODIA,2406813157.9349976
381,Textiles,"GERMANY, FEDERAL REPUBLIC OF",2331407834.603474
382,Textiles,PAKISTAN,2151531992.984148
383,Textiles,TURKEY,1440452899.554321
384,Textiles,UNITED KINGDOM,1154585206.2191691
385,Textiles,CANADA,1110675120.5732288
386,Textiles,FRANCE,942313929.2530285
387,Textiles,BELGIUM,895342013.0455496
388,Textiles,SRI LANKA,549603709.2420206
389,Textiles,NETHERLANDS,506818714.7316103
390,Textiles,AUSTRALIA,385686985.013361
391,Textiles,SWITZERLAND,374203821.0179204
392,Textiles,BRAZIL,311712866.45653015
393,Textiles,KENYA,285178689.32650006
394,Textiles,"TANZANIA, UNITED REPUBLIC OF",264755263.10495
395,Textiles,ISRAEL,210938584.20755002
396,Textiles,PORTUGAL,207463286.18044007
397,Textiles,EGYPT,192100884.20225993
398,Textiles,SAUDI ARABIA,188850788.13897014
399,Textiles,MYANMAR (former BURMA),169410970.91103005
400,Textiles,UNITED ARAB EMIRATES,162743744.29077995
401,Textiles,MACAU,151820295.42225996
402,Textiles,MEXICO,143152693.4072
403,Textiles,"KOREA, DEM. PEOPLE'S REP.",119113580.76403
404,Textiles,Neutral zone,98459181.50159
405,Textiles,ROMANIA,93439454.00262998
406,Textiles,DENMARK,80038101.54383011
407,Textiles,PERU,71230663.5026
408,Textiles,AUSTRIA,57179560.199460015
409,Textiles,SLOVENIA,56695736.192600004
410,Textiles,COSTA RICA,56037894.122930005
411,Textiles,UKRAINE,52530199.495110005
412,Textiles,NEW ZEALAND,42498856.29737
413,Textiles,RUSSIAN FEDERATION,41240674.911040016
414,Textiles,BAHRAIN,34041363.84965001
415,Textiles,HUNGARY,31690986.70002
416,Textiles,HONDURAS,31110664.933140006
417,Textiles,GUATEMALA,28526311.43496
418,Textiles,IRELAND,28326996.650360003
419,Textiles,SWEDEN,27875465.27280999
420,Textiles,GREECE,26970826.60275
421,Textiles,SOUTH AFRICA,26384621.599279996
422,Textiles,POLAND,25751071.76668999
423,Textiles,CHILE,25371163.169350006
424,Textiles,LITHUANIA,22119882.793689992
425,Textiles,SLOVAKIA,21183878.06974
426,Textiles,BULGARIA,18100484.655319992
427,Textiles,CZECH REPUBLIC,15876853.655320004
428,Textiles,MADAGASCAR,15470933.929890001
429,Textiles,COLOMBIA,15053529.813819999
430,Textiles,NICARAGUA,14321731.692230001
431,Textiles,LESOTHO,14078886.961109998
432,Textiles,GEORGIA,13303986.59305
433,Textiles,MOROCCO,10643404.5602
434,Textiles,PANAMA,10551667.222840002
435,Textiles,BRITISH VIRGIN ISLANDS,10055009.0283
436,Textiles,MALTA,9342588.09846
437,Textiles,LATVIA,9250177.692550004
438,Textiles,FINLAND,8822759.03892
439,Textiles,HAITI,6959351.298579999
440,Textiles,SAINT LUCIA,6565703.901339999
441,Textiles,NORWAY,5613836.626970001
442,Textiles,ESTONIA,4649834.35097
443,Textiles,ARGENTINA,4392634.16884
444,Textiles,MOZAMBIQUE,4064400.6
445,Textiles,UZBEKISTAN,3683940.31248
446,Textiles,UNITED STATES VIRGIN ISLANDS,3658913.3
447,Textiles,QATAR,3438160.1700799996
448,Textiles,DOMINICAN REPUBLIC,3152809.58328
449,Textiles,LUXEMBOURG,2996586.65674
450,Textiles,EL SALVADOR,2723191.1614400013
451,Textiles,NETHERLANDS ANTILLES,2405185.5357500003
452,Textiles,JORDAN,2005251.1406400008
453,Textiles,MAURITIUS,1875123.5175499998
454,Textiles,GHANA,1681176.7700000003
455,Textiles,OMAN,1487544.81398
456,Textiles,CHRISTMAS ISLANDS,1472412.33002
457,Textiles,"IRAN, ISLAMIC REPUBLIC OF",1346179.59847
458,Textiles,NEPAL,1345476.14458
459,Textiles,PHILIPPINES,996077.9774399999
460,Textiles,CHAD,957949.2773200001
461,Textiles,KUWAIT,778247.54432
462,Textiles,GUAM,718969.64634
463,Textiles,BELARUS,695391.5498700001
464,Textiles,BRUNEI DARUSSALAM,690569.8704199999
465,Textiles,ANGUILLA,615706.06082
466,Textiles,SEYCHELLES,607238.962
467,Textiles,LEBANON,329445.77836
468,Textiles,BELIZE,228226.20291999998
469,Textiles,SAMOA,218937.6
470,Textiles,LAO PEOPLE'S DEMOCRATIC REPUBLIC,154163.78241
471,Textiles,DJIBOUTI,153560.29395
472,Textiles,SWAZILAND,144510.73065
473,Textiles,MONGOLIA,114555.37159999998
474,Textiles,LIECHTENSTEIN,103113.81618
475,Textiles,YEMEN,78584.43956999999
476,Textiles,REPUBLIC OF SERBIA,78306.65176000001
477,Textiles,Br.ind.oc.tr,77449.57968
478,Textiles,BOSNIA-HERCEGOVINA,73677.80766
479,Textiles,TUNISIA,59226.62504
480,Textiles,NIGERIA,44381.12855
481,Textiles,FRENCH POLYNESIA,42038.815
482,Textiles,PAPUA NEW GUINEA,39974.21392
483,Textiles,MARSHALL ISLANDS,39356.240000000005
484,Textiles,YUGOSLAVIA (former Fed. of),28448.57858
485,Textiles,FIJI,26883.62915
486,Textiles,ICELAND,25379.499999999996
487,Textiles,MONACO,16838.83372
488,Textiles,Andorra,14007.718999999997
489,Textiles,URUGUAY,11666.946600000001
490,Textiles,JAMAICA,11393.526899999999
491,Textiles,NAMIBIA,5921.880759999999
492,Textiles,GUADELOUPE,4571.73
493,Textiles,MARTINIQUE,1123.89263
494,Textiles,CROATIA,914.364
495,Textiles,ZAMBIA,25.91
496,Textiles,TURKS AND CAICOS ISLANDS,9.934000000000001
497,Stone / Glass,CHINA,154932633281.43686
498,Stone / Glass,JAPAN,24249494713.373505
499,Stone / Glass,THAILAND,19404844561.53577
500,Stone / Glass,SINGAPORE,10126750913.006844
501,Stone / Glass,"KOREA, REPUBLIC OF",10049801314.296034
502,Stone / Glass,UNITED STATES,8547970616.217668
503,Stone / Glass,INDONESIA,8486329372.500673
504,Stone / Glass,VIET NAM,8009688505.622247
505,Stone / Glass,HONG KONG,7777086316.579412
506,Stone / Glass,MALAYSIA,6176019214.761069
507,Stone / Glass,"TAIWAN, PROVINCE OF CHINA",4821619753.8116865
508,Stone / Glass,CANADA,4303531340.714876
509,Stone / Glass,INDIA,3092389170.332372
510,Stone / Glass,SPAIN,2768390474.4690514
511,Stone / Glass,UNITED KINGDOM,2644512054.3186164
512,Stone / Glass,"GERMANY, FEDERAL REPUBLIC OF",2625733125.012334
513,Stone / Glass,ITALY,2529394128.0327797
514,Stone / Glass,UNITED ARAB EMIRATES,2108742784.7175004
515,Stone / Glass,FINLAND,1492577681.55804
516,Stone / Glass,SAUDI ARABIA,968035709.6804398
517,Stone / Glass,"IRAN, ISLAMIC REPUBLIC OF",834277284.7202898
518,Stone / Glass,OMAN,765002603.5637301
519,Stone / Glass,AUSTRALIA,711696582.4181709
520,Stone / Glass,PAKISTAN,549125712.7399901
521,Stone / Glass,AUSTRIA,381191349.52167046
522,Stone / Glass,FRANCE,342267761.4983502
523,Stone / Glass,BELGIUM,299575785.51573
524,Stone / Glass,SWITZERLAND,242766982.1906198
525,Stone / Glass,TURKEY,239610158.03581
526,Stone / Glass,BRAZIL,229568344.31325006
527,Stone / Glass,NETHERLANDS,194228007.43416005
528,Stone / Glass,POLAND,176220157.17582005
529,Stone / Glass,EGYPT,162056334.69227996
530,Stone / Glass,ISRAEL,155464806.12025002
531,Stone / Glass,SOUTH AFRICA,155415280.50686
532,Stone / Glass,SRI LANKA,101344234.66364998
533,Stone / Glass,CZECH REPUBLIC,75244328.61398004
534,Stone / Glass,COLOMBIA,68056000.04097997
535,Stone / Glass,DENMARK,59588346.12262
536,Stone / Glass,IRELAND,56634680.84226
537,Stone / Glass,BULGARIA,45255091.36283
538,Stone / Glass,NEW ZEALAND,42294983.084940016
539,Stone / Glass,PORTUGAL,39701648.30056001
540,Stone / Glass,"KOREA, DEM. PEOPLE'S REP.",38417656.90994999
541,Stone / Glass,GREECE,36022382.80471
542,Stone / Glass,LUXEMBOURG,34346690.10273
543,Stone / Glass,PERU,30119189.99702999
544,Stone / Glass,BANGLADESH,28959867.08648999
545,Stone / Glass,HUNGARY,27505734.32859
546,Stone / Glass,RUSSIAN FEDERATION,25874337.935550004
547,Stone / Glass,SWEDEN,24638489.360870007
548,Stone / Glass,MYANMAR (former BURMA),19854899.666980002
549,Stone / Glass,MEXICO,18978230.404979996
550,Stone / Glass,QATAR,18009236.59307
551,Stone / Glass,BAHRAIN,13272555.846409999
552,Stone / Glass,NORWAY,12931686.627729997
553,Stone / Glass,LIECHTENSTEIN,12749229.396310002
554,Stone / Glass,KYRGYZSTAN,8794332.8095
555,Stone / Glass,CAMBODIA,4893901.735680001
556,Stone / Glass,NETHERLANDS ANTILLES,4815673.1768000005
557,Stone / Glass,SLOVENIA,4648791.529829999
558,Stone / Glass,COSTA RICA,4279296.4888
559,Stone / Glass,CHILE,3843290.8198
560,Stone / Glass,KUWAIT,3814417.3956099995
561,Stone / Glass,TAJIKISTAN,2333801.9225399997
562,Stone / Glass,SAINT LUCIA,2264457.46007
563,Stone / Glass,MOROCCO,2001889.8219999997
564,Stone / Glass,MACAU,1927796.72148
565,Stone / Glass,BRUNEI DARUSSALAM,1725593.1937900002
566,Stone / Glass,GUAM,1103699.53799
567,Stone / Glass,CHAD,1097190.7508
568,Stone / Glass,MONACO,1073715.9975599998
569,Stone / Glass,Andorra,1030769.0000000002
570,Stone / Glass,SLOVAKIA,560173.75154
571,Stone / Glass,SYRIAN ARAB REPUBLIC,504176.90640000004
572,Stone / Glass,ROMANIA,484115.98222
573,Stone / Glass,CHRISTMAS ISLANDS,478640.30500000005
574,Stone / Glass,REPUBLIC OF SERBIA,407658.92640000005
575,Stone / Glass,LATVIA,350237.17000000004
576,Stone / Glass,CYPRUS,342621.83597
577,Stone / Glass,JAMAICA,304632.47416000004
578,Stone / Glass,GUATEMALA,303572.124
579,Stone / Glass,PANAMA,256276.71451999998
580,Stone / Glass,MARSHALL ISLANDS,255104.94
581,Stone / Glass,BELARUS,202833.60752999995
582,Stone / Glass,NORTHERN MARIANAS,200548.20072000005
583,Stone / Glass,DOMINICAN REPUBLIC,180188.0
584,Stone / Glass,KAZAKHSTAN,178703.5029
585,Stone / Glass,LIBERIA,137723.77512
586,Stone / Glass,PUERTO RICO,125643.6945
587,Stone / Glass,ARGENTINA,113765.64
588,Stone / Glass,ESTONIA,113735.06649000001
589,Stone / Glass,PAPUA NEW GUINEA,81286.02914
590,Stone / Glass,LEBANON,65317.69882
591,Stone / Glass,TUNISIA,43030.039229999995
592,Stone / Glass,MAURITIUS,31441.864320000008
593,Stone / Glass,LITHUANIA,31331.3633
594,Stone / Glass,PHILIPPINES,30322.4
595,Stone / Glass,MALTA,23277.52
596,Stone / Glass,BELIZE,22208.378000000004
597,Stone / Glass,UKRAINE,17840.88
598,Stone / Glass,ZAMBIA,17609.844
599,Stone / Glass,MONGOLIA,14139.28324
600,Stone / Glass,ARMENIA,11423.060000000001
601,Stone / Glass,BRITISH VIRGIN ISLANDS,8168.082
602,Stone / Glass,US MINOR OUTLYING ISLANDS,7684.794
603,Stone / Glass,COTE D'IVOIRE,6266.361059999999
604,Stone / Glass,HAITI,5103.6
605,Stone / Glass,UZBEKISTAN,4107.37108
606,Stone / Glass,FIJI,3149.12995
607,Stone / Glass,YUGOSLAVIA (former Fed. of),1274.5578600000001
608,"Raw Hides, Skins, Leather, & Furs",CHINA,29439705386.28778
609,"Raw Hides, Skins, Leather, & Furs","KOREA, REPUBLIC OF",9407730599.74632
610,"Raw Hides, Skins, Leather, & Furs",ITALY,8173395102.114368
611,"Raw Hides, Skins, Leather, & Furs",SINGAPORE,7583722164.070343
612,"Raw Hides, Skins, Leather, & Furs",VIET NAM,6473470961.484429
613,"Raw Hides, Skins, Leather, & Furs",JAPAN,3442888091.0341167
614,"Raw Hides, Skins, Leather, & Furs",HONG KONG,3184207631.7482753
615,"Raw Hides, Skins, Leather, & Furs",THAILAND,2591747270.5374136
616,"Raw Hides, Skins, Leather, & Furs","TAIWAN, PROVINCE OF CHINA",2581568730.1077156
617,"Raw Hides, Skins, Leather, & Furs",INDONESIA,1378203723.001441
618,"Raw Hides, Skins, Leather, & Furs",UNITED STATES,1088492017.9626899
619,"Raw Hides, Skins, Leather, & Furs",URUGUAY,1037519821.1219803
620,"Raw Hides, Skins, Leather, & Furs",PAKISTAN,733310570.14425
621,"Raw Hides, Skins, Leather, & Furs",INDIA,721351318.4511092
622,"Raw Hides, Skins, Leather, & Furs",MALAYSIA,505781029.53553045
623,"Raw Hides, Skins, Leather, & Furs",CAMBODIA,448314374.78314
624,"Raw Hides, Skins, Leather, & Furs",BRAZIL,397253485.95188004
625,"Raw Hides, Skins, Leather, & Furs",NETHERLANDS,228024390.38041
626,"Raw Hides, Skins, Leather, & Furs",SPAIN,201870141.37355027
627,"Raw Hides, Skins, Leather, & Furs","GERMANY, FEDERAL REPUBLIC OF",181160466.58160993
628,"Raw Hides, Skins, Leather, & Furs",UNITED KINGDOM,173845897.81615
629,"Raw Hides, Skins, Leather, & Furs",FRANCE,162977251.10710993
630,"Raw Hides, Skins, Leather, & Furs",NEW ZEALAND,110459048.26242997
631,"Raw Hides, Skins, Leather, & Furs",BELGIUM,68342930.67717999
632,"Raw Hides, Skins, Leather, & Furs",BANGLADESH,53501659.271100014
633,"Raw Hides, Skins, Leather, & Furs",SWITZERLAND,32519094.688500013
634,"Raw Hides, Skins, Leather, & Furs",MYANMAR (former BURMA),25526654.762460005
635,"Raw Hides, Skins, Leather, & Furs",CHILE,23868515.752839997
636,"Raw Hides, Skins, Leather, & Furs",TURKEY,22567717.783210002
637,"Raw Hides, Skins, Leather, & Furs",AUSTRALIA,22490904.975320015
638,"Raw Hides, Skins, Leather, & Furs",ETHIOPIA,21392770.74475
639,"Raw Hides, Skins, Leather, & Furs",BELIZE,16977903.54696
640,"Raw Hides, Skins, Leather, & Furs",SWEDEN,16244216.242190003
641,"Raw Hides, Skins, Leather, & Furs",SAUDI ARABIA,15529849.34652
642,"Raw Hides, Skins, Leather, & Furs",PORTUGAL,13868988.305199996
643,"Raw Hides, Skins, Leather, & Furs","KOREA, DEM. PEOPLE'S REP.",12173248.424419997
644,"Raw Hides, Skins, Leather, & Furs",CANADA,12123120.535650004
645,"Raw Hides, Skins, Leather, & Furs",MACAU,9242244.049080001
646,"Raw Hides, Skins, Leather, & Furs",DENMARK,9218775.914050004
647,"Raw Hides, Skins, Leather, & Furs",HUNGARY,6911875.13
648,"Raw Hides, Skins, Leather, & Furs",KIRIBATI,6297306.16905
649,"Raw Hides, Skins, Leather, & Furs",PANAMA,5583345.68856
650,"Raw Hides, Skins, Leather, & Furs",AUSTRIA,5511496.83675
651,"Raw Hides, Skins, Leather, & Furs",UNITED ARAB EMIRATES,5232794.6106
652,"Raw Hides, Skins, Leather, & Furs",IRELAND,5044603.245109999
653,"Raw Hides, Skins, Leather, & Furs",BRITISH VIRGIN ISLANDS,2266064.74862
654,"Raw Hides, Skins, Leather, & Furs",DOMINICAN REPUBLIC,2135107.114
655,"Raw Hides, Skins, Leather, & Furs",POLAND,2092912.7862900002
656,"Raw Hides, Skins, Leather, & Furs",TUNISIA,2006424.1626
657,"Raw Hides, Skins, Leather, & Furs",HONDURAS,1748180.1007999997
658,"Raw Hides, Skins, Leather, & Furs",ISRAEL,1685685.76268
659,"Raw Hides, Skins, Leather, & Furs",ROMANIA,1020885.3423700001
660,"Raw Hides, Skins, Leather, & Furs",RUSSIAN FEDERATION,700995.25
661,"Raw Hides, Skins, Leather, & Furs",MEXICO,580423.62682
662,"Raw Hides, Skins, Leather, & Furs",SLOVENIA,558266.09197
663,"Raw Hides, Skins, Leather, & Furs",CZECH REPUBLIC,504202.7372
664,"Raw Hides, Skins, Leather, & Furs",MONGOLIA,462222.31520000007
665,"Raw Hides, Skins, Leather, & Furs",SRI LANKA,438241.64242
666,"Raw Hides, Skins, Leather, & Furs",NETHERLANDS ANTILLES,419972.84657999995
667,"Raw Hides, Skins, Leather, & Furs",ARGENTINA,393124.11223
668,"Raw Hides, Skins, Leather, & Furs",SOUTH AFRICA,377934.96144000004
669,"Raw Hides, Skins, Leather, & Furs",MAURITIUS,371627.74999999994
670,"Raw Hides, Skins, Leather, & Furs",LIECHTENSTEIN,365289.57409999997
671,"Raw Hides, Skins, Leather, & Furs",FINLAND,302696.39721
672,"Raw Hides, Skins, Leather, & Furs",QATAR,266507.20084000006
673,"Raw Hides, Skins, Leather, & Furs",PUERTO RICO,231657.842
674,"Raw Hides, Skins, Leather, & Furs",GUAM,204448.7961
675,"Raw Hides, Skins, Leather, & Furs",GREECE,164967.49712
676,"Raw Hides, Skins, Leather, & Furs",WALLIS AND FUTUNA ISLANDS,164026.78264
677,"Raw Hides, Skins, Leather, & Furs",Neutral zone,158159.84339999998
678,"Raw Hides, Skins, Leather, & Furs",SLOVAKIA,149504.33868
679,"Raw Hides, Skins, Leather, & Furs",BAHRAIN,135880.20031999997
680,"Raw Hides, Skins, Leather, & Furs",MALAWI,122861.82999999999
681,"Raw Hides, Skins, Leather, & Furs",NORWAY,113483.42975000001
682,"Raw Hides, Skins, Leather, & Furs",JAMAICA,110124.49473000002
683,"Raw Hides, Skins, Leather, & Furs",BRUNEI DARUSSALAM,103314.97260000001
684,"Raw Hides, Skins, Leather, & Furs",MOROCCO,88328.40904
685,"Raw Hides, Skins, Leather, & Furs",LUXEMBOURG,78343.48773000002
686,"Raw Hides, Skins, Leather, & Furs",ESTONIA,77009.29389999999
687,"Raw Hides, Skins, Leather, & Furs",KUWAIT,75324.32291999999
688,"Raw Hides, Skins, Leather, & Furs",CHRISTMAS ISLANDS,51178.00000000001
689,"Raw Hides, Skins, Leather, & Furs",BOLIVIA,38597.31
690,"Raw Hides, Skins, Leather, & Furs",PHILIPPINES,25337.696600000003
691,"Raw Hides, Skins, Leather, & Furs",UKRAINE,24338.84
692,"Raw Hides, Skins, Leather, & Furs",LEBANON,20573.1655
693,"Raw Hides, Skins, Leather, & Furs",BELARUS,18200.2
694,"Raw Hides, Skins, Leather, & Furs",LATVIA,12835.9587
695,"Raw Hides, Skins, Leather, & Furs",SAINT LUCIA,9399.9295
696,"Raw Hides, Skins, Leather, & Furs",CYPRUS,8628.040420000001
697,"Raw Hides, Skins, Leather, & Furs",HAITI,6634.68
698,"Raw Hides, Skins, Leather, & Furs",SEYCHELLES,6018.96
699,"Raw Hides, Skins, Leather, & Furs",GEORGIA,5704.22448
700,"Raw Hides, Skins, Leather, & Furs",COLOMBIA,4502.848
701,"Raw Hides, Skins, Leather, & Furs",UGANDA,3773.9249999999997
702,"Raw Hides, Skins, Leather, & Furs",MALTA,2674.5229
703,"Raw Hides, Skins, Leather, & Furs",UZBEKISTAN,1813.127
704,"Raw Hides, Skins, Leather, & Furs",CROATIA,59.44025999999999
705,"Raw Hides, Skins, Leather, & Furs",REPUBLIC OF SERBIA,59.01989999999999
706,Plastics / Rubbers,CHINA,216922207740.18234
707,Plastics / Rubbers,JAPAN,153077900858.8959
708,Plastics / Rubbers,THAILAND,100753768162.46933
709,Plastics / Rubbers,SINGAPORE,78301016007.30939
710,Plastics / Rubbers,MALAYSIA,65888633607.73993
711,Plastics / Rubbers,"KOREA, REPUBLIC OF",52348502898.124756
712,Plastics / Rubbers,UNITED STATES,42070107375.8215
713,Plastics / Rubbers,"TAIWAN, PROVINCE OF CHINA",38310521876.96849
714,Plastics / Rubbers,INDONESIA,32909174602.737797
715,Plastics / Rubbers,HONG KONG,20870505338.637737
716,Plastics / Rubbers,VIET NAM,16796078818.808794
717,Plastics / Rubbers,"GERMANY, FEDERAL REPUBLIC OF",15409131850.770235
718,Plastics / Rubbers,INDIA,9630238846.085657
719,Plastics / Rubbers,QATAR,6388139365.600908
720,Plastics / Rubbers,FRANCE,6329335916.994858
721,Plastics / Rubbers,SAUDI ARABIA,6256308301.648227
722,Plastics / Rubbers,SPAIN,5890160203.932052
723,Plastics / Rubbers,NETHERLANDS,2849794813.9334946
724,Plastics / Rubbers,BELGIUM,2668861738.859933
725,Plastics / Rubbers,UNITED KINGDOM,2622104793.194569
726,Plastics / Rubbers,ITALY,2526659120.638486
727,Plastics / Rubbers,AUSTRALIA,2504007123.939586
728,Plastics / Rubbers,UNITED ARAB EMIRATES,2321590432.3686013
729,Plastics / Rubbers,AUSTRIA,2094972665.00256
730,Plastics / Rubbers,ISRAEL,1765414805.5979512
731,Plastics / Rubbers,CANADA,1314498946.477604
732,Plastics / Rubbers,SWITZERLAND,1260377031.0492117
733,Plastics / Rubbers,NEW ZEALAND,1141296019.8457682
734,Plastics / Rubbers,RUSSIAN FEDERATION,1000482665.8612596
735,Plastics / Rubbers,TURKEY,665418512.7346799
736,Plastics / Rubbers,SWEDEN,511004349.023641
737,Plastics / Rubbers,FINLAND,477623110.3073601
738,Plastics / Rubbers,DENMARK,468413728.29431087
739,Plastics / Rubbers,CZECH REPUBLIC,456324992.24693936
740,Plastics / Rubbers,MEXICO,414927619.54473007
741,Plastics / Rubbers,BRAZIL,355073970.99775
742,Plastics / Rubbers,SRI LANKA,309447837.35649055
743,Plastics / Rubbers,KUWAIT,292462736.7913201
744,Plastics / Rubbers,"KOREA, DEM. PEOPLE'S REP.",275244671.12159014
745,Plastics / Rubbers,LUXEMBOURG,267210058.4316698
746,Plastics / Rubbers,IRELAND,244663787.73107022
747,Plastics / Rubbers,SOUTH AFRICA,174985730.82027987
748,Plastics / Rubbers,POLAND,138686774.33433986
749,Plastics / Rubbers,EGYPT,133300885.15254004
750,Plastics / Rubbers,BANGLADESH,118039698.40007
751,Plastics / Rubbers,MALTA,100579751.07184002
752,Plastics / Rubbers,HUNGARY,86818677.60113993
753,Plastics / Rubbers,PAKISTAN,85216347.9385
754,Plastics / Rubbers,PORTUGAL,78144863.56297998
755,Plastics / Rubbers,OMAN,73115544.73935999
756,Plastics / Rubbers,NORWAY,72458671.47953999
757,Plastics / Rubbers,ROMANIA,68026903.04717001
758,Plastics / Rubbers,SLOVENIA,67674225.79860997
759,Plastics / Rubbers,SAMOA,59876682.7535
760,Plastics / Rubbers,GREECE,54644688.34726
761,Plastics / Rubbers,GEORGIA,52756109.975430004
762,Plastics / Rubbers,CHILE,33567345.78520001
763,Plastics / Rubbers,LIECHTENSTEIN,29926970.226820026
764,Plastics / Rubbers,MOROCCO,26800277.179320004
765,Plastics / Rubbers,Neutral zone,26738885.05811
766,Plastics / Rubbers,BULGARIA,23081551.58221
767,Plastics / Rubbers,MACAU,21558535.747239992
768,Plastics / Rubbers,URUGUAY,20952114.372200005
769,Plastics / Rubbers,SLOVAKIA,20861830.408200007
770,Plastics / Rubbers,COLOMBIA,20732210.07294
771,Plastics / Rubbers,NETHERLANDS ANTILLES,17990129.381750003
772,Plastics / Rubbers,ARGENTINA,16637659.68804
773,Plastics / Rubbers,NORFOLK ISLAND,16462721.807330001
774,Plastics / Rubbers,CAMBODIA,16047274.921990005
775,Plastics / Rubbers,COSTA RICA,14922249.629419997
776,Plastics / Rubbers,ICELAND,13847889.89825
777,Plastics / Rubbers,UKRAINE,13411860.93698
778,Plastics / Rubbers,PANAMA,12153509.80701
779,Plastics / Rubbers,UNITED STATES VIRGIN ISLANDS,11615099.598659998
780,Plastics / Rubbers,MYANMAR (former BURMA),9709655.380630001
781,Plastics / Rubbers,CYPRUS,9704740.586099999
782,Plastics / Rubbers,"IRAN, ISLAMIC REPUBLIC OF",7309912.05648
783,Plastics / Rubbers,GUATEMALA,7084360.64
784,Plastics / Rubbers,JAMAICA,4688465.87338
785,Plastics / Rubbers,MARSHALL ISLANDS,3517549.1704800003
786,Plastics / Rubbers,ANGUILLA,2876422.8166
787,Plastics / Rubbers,AMERICAN SAMOA,2842560.0
788,Plastics / Rubbers,US MINOR OUTLYING ISLANDS,2666743.8272399995
789,Plastics / Rubbers,ALBANIA,2296537.4073500005
790,Plastics / Rubbers,BRITISH VIRGIN ISLANDS,2276302.7477
791,Plastics / Rubbers,GUAM,2143405.2463800004
792,Plastics / Rubbers,SEYCHELLES,2096067.2040000001
793,Plastics / Rubbers,REPUBLIC OF SERBIA,2092679.5677999998
794,Plastics / Rubbers,LEBANON,1895928.8681199998
795,Plastics / Rubbers,MALAWI,1843971.6672
796,Plastics / Rubbers,TUNISIA,1791668.54966
797,Plastics / Rubbers,NIGERIA,1701884.0590400002
798,Plastics / Rubbers,CHRISTMAS ISLANDS,1546272.06879
799,Plastics / Rubbers,FIJI,1290271.5102000001
800,Plastics / Rubbers,BRUNEI DARUSSALAM,1266298.9923399999
801,Plastics / Rubbers,CROATIA,1140979.33581
802,Plastics / Rubbers,BELARUS,1076852.6578600006
803,Plastics / Rubbers,HAITI,1049300.16
804,Plastics / Rubbers,UZBEKISTAN,1017238.81504
805,Plastics / Rubbers,LATVIA,972736.3857200001
806,Plastics / Rubbers,BAHRAIN,969779.5781299998
807,Plastics / Rubbers,LITHUANIA,894690.1782299998
808,Plastics / Rubbers,Andorra,806785.03872
809,Plastics / Rubbers,HONDURAS,774752.40213
810,Plastics / Rubbers,PUERTO RICO,651866.93526
811,Plastics / Rubbers,DOMINICAN REPUBLIC,648888.78861
812,Plastics / Rubbers,KAZAKHSTAN,508799.27655
813,Plastics / Rubbers,MADAGASCAR,505936.34
814,Plastics / Rubbers,MONGOLIA,426438.28353
815,Plastics / Rubbers,JORDAN,415425.74025000003
816,Plastics / Rubbers,BELIZE,404345.88188000006
817,Plastics / Rubbers,DJIBOUTI,358236.01050000003
818,Plastics / Rubbers,ECUADOR,283729.16000000003
819,Plastics / Rubbers,CUBA,254092.44
820,Plastics / Rubbers,MOLDOVA,198779.24874
821,Plastics / Rubbers,PAPUA NEW GUINEA,187750.35
822,Plastics / Rubbers,PERU,175591.3758
823,Plastics / Rubbers,TAJIKISTAN,166207.58495999998
824,Plastics / Rubbers,NEPAL,147806.9527
825,Plastics / Rubbers,YUGOSLAVIA (former Fed. of),146684.78458
826,Plastics / Rubbers,SAINT LUCIA,144780.87689
827,Plastics / Rubbers,ESTONIA,137810.65540000002
828,Plastics / Rubbers,CHAD,132525.44646
829,Plastics / Rubbers,GABON,112203.9984
830,Plastics / Rubbers,SYRIAN ARAB REPUBLIC,100073.2547
831,Plastics / Rubbers,BOLIVIA,93942.34
832,Plastics / Rubbers,SAN MARINO,67207.97464
833,Plastics / Rubbers,PHILIPPINES,66067.35552
834,Plastics / Rubbers,NEW CALEDONIA,64920.7812
835,Plastics / Rubbers,SIERRA LEONE,33446.31067
836,Plastics / Rubbers,MONACO,21897.61004
837,Plastics / Rubbers,BOSNIA-HERCEGOVINA,17371.380770000003
838,Plastics / Rubbers,LAO PEOPLE'S DEMOCRATIC REPUBLIC,9570.79
839,Plastics / Rubbers,GHANA,5517.62761
840,Plastics / Rubbers,MAURITIUS,5093.7
841,Plastics / Rubbers,NAMIBIA,4025.6789199999994
842,Plastics / Rubbers,Former USSR (for reference),1696.87168
843,Plastics / Rubbers,YUGOSLAV REP. OF MACEDONIA,920.4177000000002
844,Plastics / Rubbers,MALDIVES,300.32399999999996
845,Miscellaneous,CHINA,246220295969.35886
846,Miscellaneous,JAPAN,82458062850.64009
847,Miscellaneous,UNITED STATES,67919031986.70693
848,Miscellaneous,HONG KONG,60736394938.76224
849,Miscellaneous,SINGAPORE,55819677198.39002
850,Miscellaneous,MALAYSIA,43315181510.558365
851,Miscellaneous,"KOREA, REPUBLIC OF",37582201054.71943
852,Miscellaneous,"TAIWAN, PROVINCE OF CHINA",30742355714.148766
853,Miscellaneous,VIET NAM,25133354996.78998
854,Miscellaneous,"GERMANY, FEDERAL REPUBLIC OF",24089474820.156734
855,Miscellaneous,THAILAND,21875164974.90456
856,Miscellaneous,SWITZERLAND,13117011875.207724
857,Miscellaneous,ITALY,9079462799.738081
858,Miscellaneous,AUSTRALIA,8250500124.654424
859,Miscellaneous,NETHERLANDS,7994579193.02002
860,Miscellaneous,UNITED KINGDOM,7174643819.501415
861,Miscellaneous,ISRAEL,7135614491.582623
862,Miscellaneous,INDONESIA,6381881769.028966
863,Miscellaneous,FRANCE,6280794375.475739
864,Miscellaneous,INDIA,6009241527.021425
865,Miscellaneous,MACAU,5270393822.006513
866,Miscellaneous,FINLAND,4922689953.678707
867,Miscellaneous,SPAIN,3499350175.214129
868,Miscellaneous,BULGARIA,3258707762.6912007
869,Miscellaneous,DENMARK,3104563636.261615
870,Miscellaneous,TURKEY,2886016621.2980223
871,Miscellaneous,BRAZIL,2368231671.8768487
872,Miscellaneous,CANADA,1919941022.0440395
873,Miscellaneous,MYANMAR (former BURMA),1771470769.24061
874,Miscellaneous,AUSTRIA,1707713502.7186997
875,Miscellaneous,BELGIUM,1699919624.9153755
876,Miscellaneous,IRELAND,1024391291.4257275
877,Miscellaneous,CZECH REPUBLIC,937110247.57486
878,Miscellaneous,POLAND,907450769.5417777
879,Miscellaneous,MEXICO,867114959.0119988
880,Miscellaneous,SLOVENIA,768664048.1581101
881,Miscellaneous,SWEDEN,747339350.6443707
882,Miscellaneous,SOUTH AFRICA,622081742.8588401
883,Miscellaneous,HUNGARY,437911868.5429796
884,Miscellaneous,BANGLADESH,345382339.7101699
885,Miscellaneous,COSTA RICA,320159357.9942103
886,Miscellaneous,NORWAY,305203225.6914599
887,Miscellaneous,NEW ZEALAND,272615193.9666399
888,Miscellaneous,UNITED ARAB EMIRATES,262204356.49136996
889,Miscellaneous,PAKISTAN,210827454.41050017
890,Miscellaneous,LUXEMBOURG,199625834.08166993
891,Miscellaneous,LIECHTENSTEIN,162308283.38112003
892,Miscellaneous,MALTA,154428401.0849
893,Miscellaneous,"KOREA, DEM. PEOPLE'S REP.",141763955.47463003
894,Miscellaneous,GREECE,101437615.53944004
895,Miscellaneous,SAUDI ARABIA,97208789.44390997
896,Miscellaneous,LITHUANIA,87662506.61012
897,Miscellaneous,REPUBLIC OF SERBIA,86068410.76168999
898,Miscellaneous,RUSSIAN FEDERATION,60061167.68811999
899,Miscellaneous,COLOMBIA,48103164.27489999
900,Miscellaneous,CAMBODIA,46395572.05037001
901,Miscellaneous,CHILE,39945120.04735003
902,Miscellaneous,ARGENTINA,38495850.32515
903,Miscellaneous,SLOVAKIA,33750025.11037001
904,Miscellaneous,GUAM,33364671.8024
905,Miscellaneous,OMAN,28920260.135580003
906,Miscellaneous,UKRAINE,25736291.003119994
907,Miscellaneous,CROATIA,22405381.42954
908,Miscellaneous,QATAR,18916152.287020005
909,Miscellaneous,PHILIPPINES,18826756.43604
910,Miscellaneous,SRI LANKA,18572092.71913
911,Miscellaneous,MOROCCO,18367342.027730003
912,Miscellaneous,BOLIVIA,17054395.91248
913,Miscellaneous,PORTUGAL,16603488.282949997
914,Miscellaneous,NORTHERN MARIANAS,15317211.22581
915,Miscellaneous,EGYPT,14882697.187450001
916,Miscellaneous,SIERRA LEONE,14253027.167730002
917,Miscellaneous,BOSNIA-HERCEGOVINA,11370785.77374
918,Miscellaneous,PANAMA,11351429.218810007
919,Miscellaneous,ESTONIA,9924286.931359999
920,Miscellaneous,KUWAIT,8863048.96651
921,Miscellaneous,ROMANIA,8461881.858359998
922,Miscellaneous,HAITI,6981316.512000001
923,Miscellaneous,CHRISTMAS ISLANDS,6328721.012440001
924,Miscellaneous,BELIZE,6053810.695480001
925,Miscellaneous,BELARUS,5846895.6939
926,Miscellaneous,CYPRUS,4404374.84194
927,Miscellaneous,JORDAN,4230688.139179999
928,Miscellaneous,UNITED STATES VIRGIN ISLANDS,4010554.68885
929,Miscellaneous,US MINOR OUTLYING ISLANDS,3967144.1410600003
930,Miscellaneous,ARMENIA,3275282.5794
931,Miscellaneous,NETHERLANDS ANTILLES,2721851.29164
932,Miscellaneous,JAMAICA,2312613.0639299997
933,Miscellaneous,NORFOLK ISLAND,2093837.0032000002
934,Miscellaneous,BRITISH VIRGIN ISLANDS,2002036.11151
935,Miscellaneous,LEBANON,1993005.24136
936,Miscellaneous,MALDIVES,1946928.0100000002
937,Miscellaneous,HONDURAS,1844889.7244999998
938,Miscellaneous,LATVIA,1730354.80397
939,Miscellaneous,NEPAL,1720511.2311
940,Miscellaneous,CHAD,1611270.9285400002
941,Miscellaneous,ETHIOPIA,1534191.6675
942,Miscellaneous,SAINT LUCIA,1411530.6196700002
943,Miscellaneous,"IRAN, ISLAMIC REPUBLIC OF",1383800.7965
944,Miscellaneous,PARAGUAY,1356326.6875200002
945,Miscellaneous,KENYA,1302217.94795
946,Miscellaneous,BRUNEI DARUSSALAM,1190660.0440300002
947,Miscellaneous,YEMEN,917609.14052
948,Miscellaneous,NAMIBIA,899626.2
949,Miscellaneous,CUBA,886053.4099999998
950,Miscellaneous,PAPUA NEW GUINEA,850845.3209000002
951,Miscellaneous,BAHRAIN,837467.6618199999
952,Miscellaneous,URUGUAY,771742.575
953,Miscellaneous,BARBADOS,749777.5700000001
954,Miscellaneous,ICELAND,685257.9415
955,Miscellaneous,MARSHALL ISLANDS,677828.6797000001
956,Miscellaneous,NIGERIA,533336.512
957,Miscellaneous,PUERTO RICO,493238.12882000004
958,Miscellaneous,AFGHANISTAN,440205.3
959,Miscellaneous,GUATEMALA,405957.102
960,Miscellaneous,GEORGIA,367675.43204999994
961,Miscellaneous,Andorra,331648.0
962,Miscellaneous,GHANA,324880.75864
963,Miscellaneous,REUNION,321472.8192
964,Miscellaneous,DOMINICAN REPUBLIC,315989.80977
965,Miscellaneous,LAO PEOPLE'S DEMOCRATIC REPUBLIC,267578.398
966,Miscellaneous,YUGOSLAVIA (former Fed. of),240676.06611999997
967,Miscellaneous,MONGOLIA,213194.96583
968,Miscellaneous,SEYCHELLES,191252.88
969,Miscellaneous,GUADELOUPE,151731.93084000002
970,Miscellaneous,AMERICAN SAMOA,101520.0
971,Miscellaneous,MONACO,91732.01608
972,Miscellaneous,YUGOSLAV REP. OF MACEDONIA,89091.79199999999
973,Miscellaneous,TUNISIA,85133.55
974,Miscellaneous,TRINIDAD AND TOBAGO,74900.84
975,Miscellaneous,KAZAKHSTAN,73812.95999999999
976,Miscellaneous,UGANDA,73376.413
977,Miscellaneous,SYRIAN ARAB REPUBLIC,70422.55930000001
978,Miscellaneous,MAURITIUS,69780.0
979,Miscellaneous,UZBEKISTAN,61889.43024
980,Miscellaneous,MALAWI,54545.649999999994
981,Miscellaneous,NAURU,46597.0
982,Miscellaneous,KIRIBATI,44778.995
983,Miscellaneous,SENEGAL,39530.245
984,Miscellaneous,NICARAGUA,38041.164
985,Miscellaneous,NEW CALEDONIA,32675.0
986,Miscellaneous,LIBERIA,23619.057210000003
987,Miscellaneous,GABON,20092.5
988,Miscellaneous,FIJI,7269.22
989,Miscellaneous,"TANZANIA, UNITED REPUBLIC OF",3706.9919999999997
990,Miscellaneous,PERU,3343.9300000000007
991,Miscellaneous,IRAQ,2477.4
992,Mineral Products,CHINA,535074354106.5403
993,Mineral Products,"KOREA, REPUBLIC OF",407643128510.2873
994,Mineral Products,INDONESIA,356173793264.3166
995,Mineral Products,SAUDI ARABIA,322775758334.08344
996,Mineral Products,KUWAIT,277001745639.20984
997,Mineral Products,UNITED ARAB EMIRATES,223622656340.03925
998,Mineral Products,SINGAPORE,195378654906.78223
999,Mineral Products,MALAYSIA,157425637023.21725
1000,Mineral Products,AUSTRALIA,116338356513.09798
1001,Mineral Products,BRAZIL,85696778277.14024
1002,Mineral Products,VIET NAM,69063110890.76851
1003,Mineral Products,JAPAN,62239926346.58106
1004,Mineral Products,INDIA,58483378009.7173
1005,Mineral Products,"TAIWAN, PROVINCE OF CHINA",53158214149.7053
1006,Mineral Products,UNITED STATES,40400008870.770775
1007,Mineral Products,PERU,38847667459.43057
1008,Mineral Products,RUSSIAN FEDERATION,35858878341.368706
1009,Mineral Products,QATAR,35539339260.454445
1010,Mineral Products,THAILAND,34024976078.75
1011,Mineral Products,PAPUA NEW GUINEA,25097191949.99189
1012,Mineral Products,CHILE,13656872791.01933
1013,Mineral Products,CANADA,13569552521.551788
1014,Mineral Products,OMAN,12032108645.665302
1015,Mineral Products,BRUNEI DARUSSALAM,11563841666.298784
1016,Mineral Products,PAKISTAN,8235670008.020608
1017,Mineral Products,NIGERIA,6950164446.987201
1018,Mineral Products,SWITZERLAND,5280800315.457551
1019,Mineral Products,"KOREA, DEM. PEOPLE'S REP.",4411351528.107419
1020,Mineral Products,MEXICO,4369039005.887891
1021,Mineral Products,"IRAN, ISLAMIC REPUBLIC OF",3221865871.6062884
1022,Mineral Products,HONG KONG,2682313685.608565
1023,Mineral Products,ALGERIA,2251682019.8150797
1024,Mineral Products,EQUATORIAL GUINEA,1997162350.07338
1025,Mineral Products,NETHERLANDS,1568412242.3851688
1026,Mineral Products,URUGUAY,1567312778.4803998
1027,Mineral Products,SRI LANKA,1379686381.2683198
1028,Mineral Products,SPAIN,1047367113.2010403
1029,Mineral Products,ANGOLA,950126635.8246601
1030,Mineral Products,AUSTRIA,910935851.52021
1031,Mineral Products,ERITREA,908309498.86936
1032,Mineral Products,ITALY,720581360.0513189
1033,Mineral Products,UKRAINE,591500114.4007101
1034,Mineral Products,"GERMANY, FEDERAL REPUBLIC OF",546410253.6365707
1035,Mineral Products,IRAQ,493802718.12398
1036,Mineral Products,EGYPT,417101618.08661
1037,Mineral Products,BELGIUM,383658415.6869098
1038,Mineral Products,TOGO,284269682.25
1039,Mineral Products,UNITED KINGDOM,270001501.47243
1040,Mineral Products,FRANCE,231234458.92152014
1041,Mineral Products,NORWAY,145630271.30118
1042,Mineral Products,TURKEY,143246762.48020995
1043,Mineral Products,POLAND,117650967.91251999
1044,Mineral Products,BAHRAIN,117293822.69825
1045,Mineral Products,SOUTH AFRICA,89813708.15746996
1046,Mineral Products,MALTA,81964675.30611001
1047,Mineral Products,NEW ZEALAND,77181153.23631999
1048,Mineral Products,PHILIPPINES,68713203.283
1049,Mineral Products,CYPRUS,38996555.917969994
1050,Mineral Products,CAMBODIA,30960389.719720006
1051,Mineral Products,MOROCCO,27100235.06999999
1052,Mineral Products,ISRAEL,25760983.065560002
1053,Mineral Products,SWEDEN,25315089.786510002
1054,Mineral Products,LITHUANIA,16415544.2586
1055,Mineral Products,GEORGIA,15820896.05474
1056,Mineral Products,CROATIA,15256647.98721
1057,Mineral Products,GREECE,14860067.53243
1058,Mineral Products,FINLAND,14128802.853300003
1059,Mineral Products,ARGENTINA,13886715.743999999
1060,Mineral Products,DENMARK,13584023.533690004
1061,Mineral Products,PORTUGAL,8764070.46996
1062,Mineral Products,MALAWI,8497524.238979999
1063,Mineral Products,LATVIA,7731274.0071600005
1064,Mineral Products,SAINT LUCIA,5737538.89725
1065,Mineral Products,SIERRA LEONE,4486594.651179999
1066,Mineral Products,SEYCHELLES,3404173.8504100004
1067,Mineral Products,BULGARIA,2453172.98666
1068,Mineral Products,ESTONIA,2349085.41351
1069,Mineral Products,LUXEMBOURG,2347298.03721
1070,Mineral Products,IRELAND,2211694.88195
1071,Mineral Products,BRITISH VIRGIN ISLANDS,2049189.9827999999
1072,Mineral Products,JORDAN,1288820.148
1073,Mineral Products,SENEGAL,1115802.2844
1074,Mineral Products,SAMOA,1101597.96
1075,Mineral Products,COTE D'IVOIRE,1020160.0
1076,Mineral Products,ANTIGUA AND BARBUDA,731589.8304
1077,Mineral Products,CZECH REPUBLIC,368072.70657000004
1078,Mineral Products,SLOVENIA,361860.73920000007
1079,Mineral Products,GUAM,314759.77307
1080,Mineral Products,LIECHTENSTEIN,310843.87015000003
1081,Mineral Products,BOLIVIA,115960.8
1082,Mineral Products,MONTSERRAT,84293.5
1083,Mineral Products,DJIBOUTI,74534.51434
1084,Mineral Products,JAMAICA,36590.736
1085,Mineral Products,HUNGARY,24759.955979999995
1086,Mineral Products,ROMANIA,21358.0
1087,Mineral Products,COSTA RICA,5185.0
1088,Mineral Products,COLOMBIA,103.766
1089,Mineral Products,ICELAND,52.034
1090,Metals,CHINA,695152216086.2559
1091,Metals,JAPAN,232139502057.11044
1092,Metals,"KOREA, REPUBLIC OF",118971644935.24539
1093,Metals,RUSSIAN FEDERATION,111588865089.87373
1094,Metals,"TAIWAN, PROVINCE OF CHINA",97175774012.9481
1095,Metals,MALAYSIA,65288128445.54987
1096,Metals,THAILAND,60404891285.69874
1097,Metals,VIET NAM,55764850341.01664
1098,Metals,HONG KONG,33115793828.02616
1099,Metals,UNITED STATES,32646515520.755135
1100,Metals,INDIA,31935432708.042084
1101,Metals,SINGAPORE,30211887762.353714
1102,Metals,INDONESIA,15770210524.967178
1103,Metals,"GERMANY, FEDERAL REPUBLIC OF",15741200814.493834
1104,Metals,AUSTRALIA,10587602854.07446
1105,Metals,QATAR,9152025305.80882
1106,Metals,UNITED ARAB EMIRATES,7726917614.426693
1107,Metals,FRANCE,6285200464.489882
1108,Metals,SAUDI ARABIA,5558069829.7173395
1109,Metals,TURKEY,4258032503.761466
1110,Metals,BAHRAIN,4149637583.8403997
1111,Metals,ITALY,4149158067.3761353
1112,Metals,SWITZERLAND,4054214318.1395683
1113,Metals,NETHERLANDS,4007937770.955665
1114,Metals,UNITED KINGDOM,3742952786.7129135
1115,Metals,CANADA,3350074231.7912016
1116,Metals,SPAIN,2785760126.7890205
1117,Metals,UKRAINE,2247739755.6566095
1118,Metals,MEXICO,2033251680.9350808
1119,Metals,EGYPT,1789701820.5734994
1120,Metals,SOUTH AFRICA,1756971575.4987226
1121,Metals,BULGARIA,1601263369.6220605
1122,Metals,AUSTRIA,1338292396.3468122
1123,Metals,LEBANON,1332173091.6162903
1124,Metals,BELGIUM,1318178311.7682087
1125,Metals,SWEDEN,1162930328.446819
1126,Metals,Neutral zone,1110462962.3749897
1127,Metals,KAZAKHSTAN,948530093.8984
1128,Metals,"KOREA, DEM. PEOPLE'S REP.",792136953.5494199
1129,Metals,DENMARK,789568526.0585986
1130,Metals,BRAZIL,604858221.3974503
1131,Metals,ISRAEL,575173894.7189585
1132,Metals,FINLAND,525561334.12135965
1133,Metals,IRELAND,395967242.2550602
1134,Metals,CUBA,364176217.84999996
1135,Metals,NEW ZEALAND,351831607.1280501
1136,Metals,POLAND,302071746.45729
1137,Metals,BRUNEI DARUSSALAM,289762589.21186
1138,Metals,CZECH REPUBLIC,280121377.2939002
1139,Metals,PAKISTAN,226831289.42212993
1140,Metals,DOMINICAN REPUBLIC,213496165.67
1141,Metals,ANGOLA,211913117.83839002
1142,Metals,LUXEMBOURG,162650210.89956987
1143,Metals,ROMANIA,146605581.83177
1144,Metals,BANGLADESH,144528042.73812
1145,Metals,OMAN,119271151.58222002
1146,Metals,SLOVENIA,117566733.24700001
1147,Metals,MACAU,105707956.88586006
1148,Metals,CHILE,96230335.24811006
1149,Metals,COLOMBIA,86959086.74190004
1150,Metals,PORTUGAL,69767834.15913
1151,Metals,CAMBODIA,64848777.779190004
1152,Metals,JAMAICA,64418675.22867001
1153,Metals,ARGENTINA,63932267.70041001
1154,Metals,PERU,59254237.70964
1155,Metals,MYANMAR (former BURMA),53107738.28713
1156,Metals,GREECE,49079693.870950006
1157,Metals,GUAM,48119445.88739
1158,Metals,PANAMA,45876180.48522
1159,Metals,NIGERIA,43398971.38818
1160,Metals,CONGO,36732655.141650006
1161,Metals,NORWAY,34970475.73036
1162,Metals,SRI LANKA,34289203.72501
1163,Metals,LITHUANIA,29149200.463980004
1164,Metals,JORDAN,28275747.6705
1165,Metals,MAURITIUS,27888720.506899998
1166,Metals,PUERTO RICO,25367142.495719995
1167,Metals,HUNGARY,17782274.071440004
1168,Metals,GEORGIA,16057642.63113
1169,Metals,SLOVAKIA,13025186.09094
1170,Metals,PAPUA NEW GUINEA,12912978.444319999
1171,Metals,CENTRAL AFRICAN REPUBLIC,11036042.543100001
1172,Metals,MALTA,10407608.02356
1173,Metals,COSTA RICA,10125111.19787
1174,Metals,PHILIPPINES,7773577.98342
1175,Metals,URUGUAY,6761329.603379999
1176,Metals,BRITISH VIRGIN ISLANDS,6068287.89935
1177,Metals,GABON,6043037.84238
1178,Metals,MOZAMBIQUE,5700688.836
1179,Metals,KUWAIT,5679156.463779999
1180,Metals,SYRIAN ARAB REPUBLIC,4976339.562759999
1181,Metals,NETHERLANDS ANTILLES,4726107.497269999
1182,Metals,LAO PEOPLE'S DEMOCRATIC REPUBLIC,3787499.60247
1183,Metals,MALDIVES,3293708.25
1184,Metals,NORTHERN MARIANAS,3277067.77831
1185,Metals,"IRAN, ISLAMIC REPUBLIC OF",3128988.7180000003
1186,Metals,CHRISTMAS ISLANDS,2901464.3688399997
1187,Metals,LIECHTENSTEIN,2311109.829240001
1188,Metals,ICELAND,2010876.5980500001
1189,Metals,REPUBLIC OF SERBIA,1753503.3595300007
1190,Metals,MARSHALL ISLANDS,1556413.2100000002
1191,Metals,MONGOLIA,1497805.96145
1192,Metals,TURKS AND CAICOS ISLANDS,1422917.4000000001
1193,Metals,CHAD,1401458.12965
1194,Metals,HAITI,1319790.96
1195,Metals,PALAU,1246932.668
1196,Metals,UZBEKISTAN,1076455.03212
1197,Metals,SAINT LUCIA,1055604.44729
1198,Metals,CROATIA,792714.8658899999
1199,Metals,ST VINCENT AND GRENADINES,778045.5650000001
1200,Metals,BELARUS,774049.28981
1201,Metals,MOROCCO,631948.6078100001
1202,Metals,TAJIKISTAN,624446.5499999999
1203,Metals,GHANA,562151.23229
1204,Metals,UNITED STATES VIRGIN ISLANDS,511451.5373599999
1205,Metals,VANUATU,483914.25
1206,Metals,YEMEN,386134.18071
1207,Metals,FIJI,323234.32756
1208,Metals,LATVIA,309600.97189999995
1209,Metals,NAMIBIA,287857.00408
1210,Metals,AFGHANISTAN,274346.54976
1211,Metals,ESTONIA,236532.07020000005
1212,Metals,BELIZE,224759.67299999998
1213,Metals,SAN MARINO,200500.05208999998
1214,Metals,HONDURAS,197254.27333
1215,Metals,SWAZILAND,146494.0029
1216,Metals,FED. STATES OF MICRONESIA,140918.14800000004
1217,Metals,ECUADOR,95435.43663
1218,Metals,MALI,93677.5
1219,Metals,YUGOSLAVIA (former Fed. of),82773.54382999998
1220,Metals,KIRIBATI,67292.40078
1221,Metals,US MINOR OUTLYING ISLANDS,57758.7732
1222,Metals,NEW CALEDONIA,30752.664399999998
1223,Metals,ALBANIA,26583.983999999997
1224,Metals,MALAWI,15639.636
1225,Metals,BOLIVIA,12008.05812
1226,Metals,MONACO,9748.71842
1227,Metals,PARAGUAY,9456.784
1228,Metals,SIERRA LEONE,8259.2049
1229,Metals,CYPRUS,6702.46848
1230,Metals,SENEGAL,1712.138
1231,Metals,BOSNIA-HERCEGOVINA,1368.08826
1232,Metals,SAMOA,1305.9552
1233,Metals,ERITREA,78.2925
1234,Metals,GUATEMALA,26.1285
1235,Machinery / Electrical,CHINA,1314330489673.7532
1236,Machinery / Electrical,JAPAN,1134367260151.9338
1237,Machinery / Electrical,"KOREA, REPUBLIC OF",972547552879.1652
1238,Machinery / Electrical,SINGAPORE,676031517730.248
1239,Machinery / Electrical,"TAIWAN, PROVINCE OF CHINA",673380683536.0912
1240,Machinery / Electrical,UNITED STATES,631057902938.7648
1241,Machinery / Electrical,HONG KONG,487434015286.2216
1242,Machinery / Electrical,THAILAND,287559827118.58105
1243,Machinery / Electrical,MALAYSIA,223704926075.94028
1244,Machinery / Electrical,VIET NAM,170674465599.20392
1245,Machinery / Electrical,"GERMANY, FEDERAL REPUBLIC OF",162540767089.91678
1246,Machinery / Electrical,INDONESIA,74347252179.49318
1247,Machinery / Electrical,ITALY,65904060161.092865
1248,Machinery / Electrical,UNITED KINGDOM,49433907165.31927
1249,Machinery / Electrical,INDIA,44037112014.50302
1250,Machinery / Electrical,BELGIUM,35003206442.14461
1251,Machinery / Electrical,FRANCE,29982661224.108925
1252,Machinery / Electrical,NETHERLANDS,23998820602.714
1253,Machinery / Electrical,SWITZERLAND,19168078552.67535
1254,Machinery / Electrical,ISRAEL,18017193996.218113
1255,Machinery / Electrical,AUSTRALIA,15777230112.482233
1256,Machinery / Electrical,SWEDEN,14373969723.160831
1257,Machinery / Electrical,CZECH REPUBLIC,14320782539.11797
1258,Machinery / Electrical,AUSTRIA,13826174772.879848
1259,Machinery / Electrical,SPAIN,10586630538.629053
1260,Machinery / Electrical,FINLAND,10425922122.282175
1261,Machinery / Electrical,IRELAND,10226408998.976828
1262,Machinery / Electrical,MEXICO,9981352513.212545
1263,Machinery / Electrical,CANADA,9717026792.355154
1264,Machinery / Electrical,DENMARK,7369214342.05536
1265,Machinery / Electrical,POLAND,4645289961.682469
1266,Machinery / Electrical,UNITED ARAB EMIRATES,4402946108.746986
1267,Machinery / Electrical,NORWAY,4295515445.674965
1268,Machinery / Electrical,TURKEY,4062442027.1190014
1269,Machinery / Electrical,BULGARIA,3719263779.451097
1270,Machinery / Electrical,CAMBODIA,3150966155.790909
1271,Machinery / Electrical,BRAZIL,2483403077.5675497
1272,Machinery / Electrical,MAURITIUS,2380594340.2503395
1273,Machinery / Electrical,NEW ZEALAND,2148695566.6834807
1274,Machinery / Electrical,HUNGARY,1456497797.6408026
1275,Machinery / Electrical,SOUTH AFRICA,1427995784.1755586
1276,Machinery / Electrical,CROATIA,1277111405.0753605
1277,Machinery / Electrical,SLOVENIA,1047265215.9699309
1278,Machinery / Electrical,RUSSIAN FEDERATION,918245913.021531
1279,Machinery / Electrical,"KOREA, DEM. PEOPLE'S REP.",813709471.72388
1280,Machinery / Electrical,MALTA,703442576.6476606
1281,Machinery / Electrical,PORTUGAL,623726833.0883305
1282,Machinery / Electrical,SAUDI ARABIA,560527431.7874305
1283,Machinery / Electrical,Neutral zone,559753713.1324999
1284,Machinery / Electrical,QATAR,477836325.0886901
1285,Machinery / Electrical,COSTA RICA,425561164.7877602
1286,Machinery / Electrical,COLOMBIA,378993640.32171994
1287,Machinery / Electrical,CHILE,353265872.7426301
1288,Machinery / Electrical,LUXEMBOURG,317103497.58616996
1289,Machinery / Electrical,PAKISTAN,310076026.2591702
1290,Machinery / Electrical,ROMANIA,293423768.66447985
1291,Machinery / Electrical,EGYPT,290349479.65574026
1292,Machinery / Electrical,BOLIVIA,250534480.09342
1293,Machinery / Electrical,GREECE,200364269.39903992
1294,Machinery / Electrical,MACAU,173139184.39834967
1295,Machinery / Electrical,LIECHTENSTEIN,130358590.70659006
1296,Machinery / Electrical,SLOVAKIA,127860066.06698994
1297,Machinery / Electrical,LITHUANIA,115060863.37121998
1298,Machinery / Electrical,BRITISH VIRGIN ISLANDS,108711442.73377
1299,Machinery / Electrical,BELARUS,91711731.51082
1300,Machinery / Electrical,SRI LANKA,84198508.12125
1301,Machinery / Electrical,JAMAICA,81598066.64287
1302,Machinery / Electrical,NETHERLANDS ANTILLES,81165573.48217
1303,Machinery / Electrical,SAMOA,76258937.67151
1304,Machinery / Electrical,LATVIA,75206261.21474995
1305,Machinery / Electrical,REPUBLIC OF SERBIA,68413914.6399
1306,Machinery / Electrical,KUWAIT,66903991.93145002
1307,Machinery / Electrical,GEORGIA,66283154.699090004
1308,Machinery / Electrical,MYANMAR (former BURMA),65657311.623690024
1309,Machinery / Electrical,ESTONIA,59353154.862989984
1310,Machinery / Electrical,BANGLADESH,54182839.83772999
1311,Machinery / Electrical,UKRAINE,47738551.10540002
1312,Machinery / Electrical,MOROCCO,46112418.94180997
1313,Machinery / Electrical,ARGENTINA,45941685.50933002
1314,Machinery / Electrical,URUGUAY,44861593.4969
1315,Machinery / Electrical,KENYA,42725493.61282
1316,Machinery / Electrical,BAHRAIN,42011102.711009994
1317,Machinery / Electrical,PAPUA NEW GUINEA,41599937.47555001
1318,Machinery / Electrical,BOSNIA-HERCEGOVINA,38626337.21283001
1319,Machinery / Electrical,CYPRUS,37429540.25251004
1320,Machinery / Electrical,DOMINICAN REPUBLIC,36066234.115469985
1321,Machinery / Electrical,OMAN,33261729.270219993
1322,Machinery / Electrical,ICELAND,33134798.54929
1323,Machinery / Electrical,GUAM,30389328.64263
1324,Machinery / Electrical,EL SALVADOR,29724600.131100025
1325,Machinery / Electrical,SEYCHELLES,26710399.6218
1326,Machinery / Electrical,HONDURAS,26536468.845450003
1327,Machinery / Electrical,JORDAN,25188267.959930003
1328,Machinery / Electrical,YUGOSLAVIA (former Fed. of),22740505.066120006
1329,Machinery / Electrical,US MINOR OUTLYING ISLANDS,21122676.45107
1330,Machinery / Electrical,UNITED STATES VIRGIN ISLANDS,19816789.60821
1331,Machinery / Electrical,CHRISTMAS ISLANDS,17201865.39159
1332,Machinery / Electrical,PANAMA,16887219.190780003
1333,Machinery / Electrical,NAMIBIA,15040148.1585
1334,Machinery / Electrical,NIGERIA,14278693.079640001
1335,Machinery / Electrical,FIJI,14141712.662039999
1336,Machinery / Electrical,SAN MARINO,13618416.15758
1337,Machinery / Electrical,UZBEKISTAN,12603336.229459997
1338,Machinery / Electrical,PUERTO RICO,11367522.128
1339,Machinery / Electrical,COTE D'IVOIRE,10984309.48264
1340,Machinery / Electrical,BRUNEI DARUSSALAM,10450118.38761
1341,Machinery / Electrical,VANUATU,9996769.93155
1342,Machinery / Electrical,ALBANIA,9862618.67359
1343,Machinery / Electrical,LEBANON,9629925.899239998
1344,Machinery / Electrical,ANTARCTICA,9033517.4738
1345,Machinery / Electrical,MOZAMBIQUE,8780165.703000002
1346,Machinery / Electrical,TUNISIA,8568485.9976
1347,Machinery / Electrical,SAINT LUCIA,8365713.922700001
1348,Machinery / Electrical,PERU,7711522.915960001
1349,Machinery / Electrical,MONACO,7701165.473360001
1350,Machinery / Electrical,MONGOLIA,7487479.805189999
1351,Machinery / Electrical,MARSHALL ISLANDS,7293354.083490001
1352,Machinery / Electrical,MALAWI,7279347.647059999
1353,Machinery / Electrical,ETHIOPIA,6275792.0
1354,Machinery / Electrical,SWAZILAND,6153508.45435
1355,Machinery / Electrical,CAYMAN ISLANDS,5617673.40304
1356,Machinery / Electrical,"TANZANIA, UNITED REPUBLIC OF",5493568.801839999
1357,Machinery / Electrical,YEMEN,5270069.744180001
1358,Machinery / Electrical,CAMEROON,5217511.65174
1359,Machinery / Electrical,ST VINCENT AND GRENADINES,5161504.381
1360,Machinery / Electrical,NORFOLK ISLAND,4961391.2904
1361,Machinery / Electrical,YUGOSLAV REP. OF MACEDONIA,4813713.555970001
1362,Machinery / Electrical,HAITI,4659020.04456
1363,Machinery / Electrical,FRENCH POLYNESIA,4527787.80803
1364,Machinery / Electrical,LAO PEOPLE'S DEMOCRATIC REPUBLIC,4153662.82745
1365,Machinery / Electrical,GHANA,4010153.9516899996
1366,Machinery / Electrical,BELIZE,3786871.516
1367,Machinery / Electrical,"IRAN, ISLAMIC REPUBLIC OF",3779675.91953
1368,Machinery / Electrical,GUATEMALA,3514873.93705
1369,Machinery / Electrical,VENEZUELA,3153963.0504299994
1370,Machinery / Electrical,NEPAL,2973808.8959999997
1371,Machinery / Electrical,AMERICAN SAMOA,2916592.272
1372,Machinery / Electrical,PARAGUAY,2652272.0239999997
1373,Machinery / Electrical,PALAU,2504482.55728
1374,Machinery / Electrical,SOLOMON ISLANDS,2312387.090000001
1375,Machinery / Electrical,MALDIVES,2136978.0
1376,Machinery / Electrical,IRAQ,1779584.24
1377,Machinery / Electrical,GUYANA,1613142.7309999997
1378,Machinery / Electrical,Andorra,1501395.25992
1379,Machinery / Electrical,Democratic yemen,1365674.82852
1380,Machinery / Electrical,CENTRAL AFRICAN REPUBLIC,1365511.46181
1381,Machinery / Electrical,AZERBAIJAN,1311304.83688
1382,Machinery / Electrical,SIERRA LEONE,1294134.07379
1383,Machinery / Electrical,KAZAKHSTAN,1275475.96138
1384,Machinery / Electrical,FED. STATES OF MICRONESIA,1238935.3185
1385,Machinery / Electrical,ECUADOR,1236577.18241
1386,Machinery / Electrical,MOLDOVA,1206683.5472400002
1387,Machinery / Electrical,CONGO,1147325.06835
1388,Machinery / Electrical,CHAD,1138700.6364000002
1389,Machinery / Electrical,TOGO,914980.97469
1390,Machinery / Electrical,ANGOLA,876169.6324599999
1391,Machinery / Electrical,LESOTHO,775689.4920500002
1392,Machinery / Electrical,DOMINICA,767749.36841
1393,Machinery / Electrical,FRENCH GUIANA,766946.41683
1394,Machinery / Electrical,NICARAGUA,745391.82863
1395,Machinery / Electrical,TRINIDAD AND TOBAGO,652263.2403000001
1396,Machinery / Electrical,NIUE,645024.78264
1397,Machinery / Electrical,NORTHERN MARIANAS,643011.18654
1398,Machinery / Electrical,BARBADOS,613461.08
1399,Machinery / Electrical,EAST TIMOR,589575.1625999999
1400,Machinery / Electrical,MONTSERRAT,560365.10468
1401,Machinery / Electrical,SYRIAN ARAB REPUBLIC,552607.0804
1402,Machinery / Electrical,SUDAN,544704.21
1403,Machinery / Electrical,GAMBIA,530221.569
1404,Machinery / Electrical,TAJIKISTAN,467681.92568
1405,Machinery / Electrical,ARMENIA,459613.6
1406,Machinery / Electrical,ZAMBIA,440391.81999999995
1407,Machinery / Electrical,AFGHANISTAN,370021.82834
1408,Machinery / Electrical,TURKS AND CAICOS ISLANDS,350430.1
1409,Machinery / Electrical,BURKINA FASO,197352.18493
1410,Machinery / Electrical,NEW CALEDONIA,190508.60296999998
1411,Machinery / Electrical,BERMUDA,181717.00199999998
1412,Machinery / Electrical,KYRGYZSTAN,177298.3456
1413,Machinery / Electrical,PHILIPPINES,121070.98514
1414,Machinery / Electrical,Pitcairn,112467.688
1415,Machinery / Electrical,RWANDA,108602.375
1416,Machinery / Electrical,REUNION,106307.29357000001
1417,Machinery / Electrical,GABON,99911.07456000001
1418,Machinery / Electrical,DJIBOUTI,67630.3688
1419,Machinery / Electrical,KIRIBATI,53297.869589999995
1420,Machinery / Electrical,Former Czechoslovakia,43781.10385
1421,Machinery / Electrical,BOTSWANA,43720.898760000004
1422,Machinery / Electrical,Former USSR (for reference),41304.74656
1423,Machinery / Electrical,ANGUILLA,39944.8
1424,Machinery / Electrical,BURMA (See MM MYANMAR),24652.108799999998
1425,Machinery / Electrical,NIGER,22381.63525
1426,Machinery / Electrical,ERITREA,20646.667950000003
1427,Machinery / Electrical,GUINEA,20319.2
1428,Machinery / Electrical,TONGA,17489.55
1429,Machinery / Electrical,UGANDA,7396.335999999999
1430,Machinery / Electrical,GIBRALTAR,2342.6823
1431,Machinery / Electrical,MALI,2089.67
1432,Machinery / Electrical,COOK ISLANDS,1168.331
1433,Machinery / Electrical,BHUTAN,527.8199999999999
1434,Machinery / Electrical,GUINEA-BISSAU,501.58000000000004
1435,Footwear / Headgear,CHINA,54663341575.294395
1436,Footwear / Headgear,VIET NAM,12115891338.51497
1437,Footwear / Headgear,INDONESIA,4121532794.0608954
1438,Footwear / Headgear,SINGAPORE,3063220232.512023
1439,Footwear / Headgear,HONG KONG,2199712121.407144
1440,Footwear / Headgear,UNITED STATES,1712565630.5426526
1441,Footwear / Headgear,BRAZIL,1541099793.391321
1442,Footwear / Headgear,"TAIWAN, PROVINCE OF CHINA",1055787307.552283
1443,Footwear / Headgear,"KOREA, REPUBLIC OF",971222850.0832102
1444,Footwear / Headgear,INDIA,928098339.9119488
1445,Footwear / Headgear,JAPAN,860112402.619121
1446,Footwear / Headgear,MALAYSIA,600985706.2810799
1447,Footwear / Headgear,SPAIN,528965536.10302955
1448,Footwear / Headgear,THAILAND,494494045.72854924
1449,Footwear / Headgear,NETHERLANDS,473288156.66425043
1450,Footwear / Headgear,MYANMAR (former BURMA),129556508.9040601
1451,Footwear / Headgear,BRITISH VIRGIN ISLANDS,128653655.59898998
1452,Footwear / Headgear,MACAU,118095975.72794007
1453,Footwear / Headgear,CAMBODIA,114761641.43907
1454,Footwear / Headgear,AUSTRALIA,87333255.46525003
1455,Footwear / Headgear,ITALY,78384914.26589999
1456,Footwear / Headgear,"GERMANY, FEDERAL REPUBLIC OF",72526708.99022001
1457,Footwear / Headgear,FRANCE,56226140.27617004
1458,Footwear / Headgear,UNITED KINGDOM,49015470.04921
1459,Footwear / Headgear,BANGLADESH,43865893.85516
1460,Footwear / Headgear,GREECE,21945952.51293
1461,Footwear / Headgear,ISRAEL,21587781.907199997
1462,Footwear / Headgear,TURKEY,14172794.257059999
1463,Footwear / Headgear,PORTUGAL,13842678.417509995
1464,Footwear / Headgear,CANADA,13516817.135989998
1465,Footwear / Headgear,SWITZERLAND,9447864.724680003
1466,Footwear / Headgear,CHILE,8749763.37269
1467,Footwear / Headgear,MOROCCO,7160729.21344
1468,Footwear / Headgear,BOLIVIA,7114314.0
1469,Footwear / Headgear,LAO PEOPLE'S DEMOCRATIC REPUBLIC,6284767.50698
1470,Footwear / Headgear,UNITED ARAB EMIRATES,4831060.0610299995
1471,Footwear / Headgear,NEW ZEALAND,4726709.04969
1472,Footwear / Headgear,SAMOA,3996309.59944
1473,Footwear / Headgear,LEBANON,3836765.012
1474,Footwear / Headgear,BELGIUM,3678756.08934
1475,Footwear / Headgear,PAKISTAN,3191357.6961
1476,Footwear / Headgear,FINLAND,3163067.8611199996
1477,Footwear / Headgear,LUXEMBOURG,2601615.91503
1478,Footwear / Headgear,POLAND,1948950.4127500001
1479,Footwear / Headgear,"KOREA, DEM. PEOPLE'S REP.",1918291.79204
1480,Footwear / Headgear,SOUTH AFRICA,1825367.146
1481,Footwear / Headgear,SRI LANKA,1660335.95524
1482,Footwear / Headgear,SWEDEN,1615503.25683
1483,Footwear / Headgear,AUSTRIA,1380639.5002700002
1484,Footwear / Headgear,HUNGARY,1289142.9872100002
1485,Footwear / Headgear,HONDURAS,1163633.2750000001
1486,Footwear / Headgear,PANAMA,1157753.28176
1487,Footwear / Headgear,DENMARK,1135701.67566
1488,Footwear / Headgear,MEXICO,924452.5332
1489,Footwear / Headgear,CHRISTMAS ISLANDS,515566.083
1490,Footwear / Headgear,EGYPT,398875.11614
1491,Footwear / Headgear,CHAD,319461.86325
1492,Footwear / Headgear,DOMINICAN REPUBLIC,315603.9672
1493,Footwear / Headgear,PUERTO RICO,281509.8
1494,Footwear / Headgear,ROMANIA,166767.29113
1495,Footwear / Headgear,BRUNEI DARUSSALAM,157451.70562
1496,Footwear / Headgear,BELIZE,132103.425
1497,Footwear / Headgear,CZECH REPUBLIC,128976.84422
1498,Footwear / Headgear,GUAM,115687.63775999998
1499,Footwear / Headgear,YEMEN,114120.66492
1500,Footwear / Headgear,BAHRAIN,94422.55461
1501,Footwear / Headgear,ECUADOR,87912.345
1502,Footwear / Headgear,JAMAICA,58705.77719
1503,Footwear / Headgear,QATAR,50423.03176
1504,Footwear / Headgear,MARSHALL ISLANDS,49500.17
1505,Footwear / Headgear,IRELAND,43738.70999999999
1506,Footwear / Headgear,ARGENTINA,22897.87
1507,Footwear / Headgear,SLOVENIA,7135.151970000001
1508,Footwear / Headgear,ESTONIA,5819.74332
1509,Footwear / Headgear,PAPUA NEW GUINEA,3914.35392
1510,Footwear / Headgear,RUSSIAN FEDERATION,3235.44
1511,Footwear / Headgear,JORDAN,2171.6976999999997
1512,Footwear / Headgear,BELARUS,1505.9894199999997
1513,Footwear / Headgear,NORWAY,1471.8384800000001
1514,Footwear / Headgear,UZBEKISTAN,715.036
1515,Foodstuffs,UNITED STATES,270786908892.75168
1516,Foodstuffs,INDONESIA,138800557535.62698
1517,Foodstuffs,THAILAND,98241501286.03929
1518,Foodstuffs,CHINA,95439645908.85904
1519,Foodstuffs,SINGAPORE,86620465079.47322
1520,Foodstuffs,ARGENTINA,48866774629.02355
1521,Foodstuffs,MALAYSIA,43784925650.794426
1522,Foodstuffs,VIET NAM,42095969338.27795
1523,Foodstuffs,BELGIUM,21107293145.64264
1524,Foodstuffs,NETHERLANDS,20821341047.8378
1525,Foodstuffs,SPAIN,18991579432.19252
1526,Foodstuffs,ITALY,17520425282.259903
1527,Foodstuffs,SWITZERLAND,17402119038.561764
1528,Foodstuffs,AUSTRALIA,15946172922.010786
1529,Foodstuffs,"KOREA, REPUBLIC OF",14379658314.201061
1530,Foodstuffs,"GERMANY, FEDERAL REPUBLIC OF",12550222672.301722
1531,Foodstuffs,INDIA,10387628239.216064
1532,Foodstuffs,CANADA,8640671652.838724
1533,Foodstuffs,NEW ZEALAND,6995961700.302657
1534,Foodstuffs,BRAZIL,6683694950.656705
1535,Foodstuffs,FRANCE,6418364685.451663
1536,Foodstuffs,PAKISTAN,6010335315.734449
1537,Foodstuffs,"TAIWAN, PROVINCE OF CHINA",4857514022.486253
1538,Foodstuffs,UNITED KINGDOM,4800614261.745872
1539,Foodstuffs,JAPAN,4276880799.025629
1540,Foodstuffs,RUSSIAN FEDERATION,2606338515.588081
1541,Foodstuffs,HONG KONG,2403396220.3985972
1542,Foodstuffs,DOMINICAN REPUBLIC,2156687650.23285
1543,Foodstuffs,SOUTH AFRICA,1998411153.692766
1544,Foodstuffs,UNITED ARAB EMIRATES,1709154450.3313096
1545,Foodstuffs,DENMARK,1604368428.435053
1546,Foodstuffs,EGYPT,1587478213.1747105
1547,Foodstuffs,AUSTRIA,1270455224.093149
1548,Foodstuffs,MEXICO,965074661.7709095
1549,Foodstuffs,TURKEY,901558239.8732604
1550,Foodstuffs,CHILE,869791882.87712
1551,Foodstuffs,IRELAND,846155439.87655
1552,Foodstuffs,BULGARIA,754690458.6032001
1553,Foodstuffs,ISRAEL,742814132.5646498
1554,Foodstuffs,CUBA,691743452.3905902
1555,Foodstuffs,BANGLADESH,652620771.5357788
1556,Foodstuffs,PAPUA NEW GUINEA,573444922.1730599
1557,Foodstuffs,POLAND,559347512.93098
1558,Foodstuffs,FIJI,422933450.54295003
1559,Foodstuffs,HUNGARY,410167186.20914984
1560,Foodstuffs,LITHUANIA,363881175.23275995
1561,Foodstuffs,"TANZANIA, UNITED REPUBLIC OF",359972157.6891401
1562,Foodstuffs,CAMBODIA,356865592.69912
1563,Foodstuffs,PERU,332505773.91917014
1564,Foodstuffs,GREECE,325395205.7797199
1565,Foodstuffs,SLOVENIA,314974231.51152
1566,Foodstuffs,NORWAY,297404494.8638001
1567,Foodstuffs,ECUADOR,294341769.38355
1568,Foodstuffs,PORTUGAL,219861143.44545004
1569,Foodstuffs,URUGUAY,218141195.30951995
1570,Foodstuffs,GUAM,211943778.11863998
1571,Foodstuffs,TUNISIA,211883642.03600004
1572,Foodstuffs,UKRAINE,198876805.32287005
1573,Foodstuffs,ZIMBABWE,194199803.52495
1574,Foodstuffs,CYPRUS,138086803.5310199
1575,Foodstuffs,HONDURAS,114011708.08170001
1576,Foodstuffs,CZECH REPUBLIC,113030575.78482005
1577,Foodstuffs,NICARAGUA,112004218.08591002
1578,Foodstuffs,VANUATU,109562664.364
1579,Foodstuffs,ARUBA,101998409.56993999
1580,Foodstuffs,SWEDEN,101693762.0488
1581,Foodstuffs,GUYANA,95169926.85999998
1582,Foodstuffs,FINLAND,94587598.76179004
1583,Foodstuffs,MALAWI,90706480.18992001
1584,Foodstuffs,GHANA,87238718.1037
1585,Foodstuffs,MOZAMBIQUE,87220875.27602002
1586,Foodstuffs,ROMANIA,84527447.59230001
1587,Foodstuffs,SRI LANKA,80953133.11033006
1588,Foodstuffs,SEYCHELLES,73960451.5125
1589,Foodstuffs,CROATIA,69874257.81249
1590,Foodstuffs,COSTA RICA,69308662.29499
1591,Foodstuffs,"KOREA, DEM. PEOPLE'S REP.",66666663.45668001
1592,Foodstuffs,NIGERIA,63336466.973960005
1593,Foodstuffs,GEORGIA,62196812.972009994
1594,Foodstuffs,COLOMBIA,55370600.980999984
1595,Foodstuffs,PARAGUAY,43106075.86058
1596,Foodstuffs,KENYA,40470254.37264
1597,Foodstuffs,MYANMAR (former BURMA),39118825.16151
1598,Foodstuffs,BOLIVIA,32728676.884340003
1599,Foodstuffs,SAUDI ARABIA,32072802.633430004
1600,Foodstuffs,ZAMBIA,31504217.299319997
1601,Foodstuffs,ESTONIA,24775515.442959998
1602,Foodstuffs,GUATEMALA,22641652.823810004
1603,Foodstuffs,REPUBLIC OF SERBIA,18275502.3904
1604,Foodstuffs,MOROCCO,16306391.3899
1605,Foodstuffs,LATVIA,16054789.158870002
1606,Foodstuffs,QATAR,15475756.027050002
1607,Foodstuffs,JORDAN,12404280.013749998
1608,Foodstuffs,KUWAIT,12298423.693570001
1609,Foodstuffs,US MINOR OUTLYING ISLANDS,11831891.876910001
1610,Foodstuffs,LAO PEOPLE'S DEMOCRATIC REPUBLIC,11002659.818
1611,Foodstuffs,LUXEMBOURG,10383874.544230001
1612,Foodstuffs,NORFOLK ISLAND,10167060.48225
1613,Foodstuffs,BRITISH VIRGIN ISLANDS,6249245.396480001
1614,Foodstuffs,SAINT LUCIA,6084885.457799999
1615,Foodstuffs,MARSHALL ISLANDS,6030225.846
1616,Foodstuffs,MADAGASCAR,5521034.26462
1617,Foodstuffs,OMAN,4862950.464149999
1618,Foodstuffs,UNITED STATES VIRGIN ISLANDS,4616518.374
1619,Foodstuffs,NETHERLANDS ANTILLES,2616139.24561
1620,Foodstuffs,"IRAN, ISLAMIC REPUBLIC OF",2026540.2139500002
1621,Foodstuffs,BELARUS,1874600.02876
1622,Foodstuffs,MONACO,1856128.64204
1623,Foodstuffs,PANAMA,1698948.0000000005
1624,Foodstuffs,ICELAND,1677433.5590999997
1625,Foodstuffs,ANGOLA,1559812.4999999998
1626,Foodstuffs,NORTHERN MARIANAS,1388527.7054
1627,Foodstuffs,MACAU,1062628.05482
1628,Foodstuffs,EQUATORIAL GUINEA,896785.8200000001
1629,Foodstuffs,KIRIBATI,722985.54755
1630,Foodstuffs,Andorra,680235.64908
1631,Foodstuffs,Democratic yemen,635638.35
1632,Foodstuffs,MALTA,631424.8476
1633,Foodstuffs,COOK ISLANDS,379758.39999999997
1634,Foodstuffs,BRUNEI DARUSSALAM,347395.74121999997
1635,Foodstuffs,COTE D'IVOIRE,85630.35369999999
1636,Foodstuffs,BAHRAIN,76669.66475000001
1637,Foodstuffs,GUADELOUPE,72014.42460000001
1638,Foodstuffs,SLOVAKIA,63556.53363
1639,Foodstuffs,FRENCH GUIANA,36159.99568
1640,Foodstuffs,VENEZUELA,8976.06
1641,Foodstuffs,UGANDA,156.37959999999998
1642,Foodstuffs,MALDIVES,99.5288
1643,Foodstuffs,LEBANON,52.128
1644,Chemicals & Allied Industries,CHINA,248207848486.30557
1645,Chemicals & Allied Industries,SINGAPORE,128129106945.47363
1646,Chemicals & Allied Industries,UNITED STATES,124941190155.02725
1647,Chemicals & Allied Industries,JAPAN,118485930725.19359
1648,Chemicals & Allied Industries,THAILAND,105661147636.69641
1649,Chemicals & Allied Industries,INDONESIA,101029338212.62086
1650,Chemicals & Allied Industries,"KOREA, REPUBLIC OF",79382870035.7088
1651,Chemicals & Allied Industries,INDIA,76869590949.09683
1652,Chemicals & Allied Industries,MALAYSIA,63734739964.04933
1653,Chemicals & Allied Industries,"GERMANY, FEDERAL REPUBLIC OF",51113752060.855484
1654,Chemicals & Allied Industries,"TAIWAN, PROVINCE OF CHINA",44587516742.76199
1655,Chemicals & Allied Industries,NETHERLANDS,35905048040.7427
1656,Chemicals & Allied Industries,BELGIUM,33526782177.204216
1657,Chemicals & Allied Industries,FRANCE,32422007628.634857
1658,Chemicals & Allied Industries,SWITZERLAND,30029657333.55641
1659,Chemicals & Allied Industries,VIET NAM,27787738007.365986
1660,Chemicals & Allied Industries,UNITED KINGDOM,24784852073.80222
1661,Chemicals & Allied Industries,SPAIN,22011875789.754215
1662,Chemicals & Allied Industries,AUSTRALIA,17654436346.203
1663,Chemicals & Allied Industries,HONG KONG,16292892530.743523
1664,Chemicals & Allied Industries,QATAR,11984404521.87084
1665,Chemicals & Allied Industries,CANADA,9957979063.630842
1666,Chemicals & Allied Industries,UNITED ARAB EMIRATES,8643257225.057741
1667,Chemicals & Allied Industries,DENMARK,8530356447.024582
1668,Chemicals & Allied Industries,ITALY,7811121243.895131
1669,Chemicals & Allied Industries,URUGUAY,6498053801.967629
1670,Chemicals & Allied Industries,TUNISIA,5828829176.343128
1671,Chemicals & Allied Industries,MEXICO,5341535139.265296
1672,Chemicals & Allied Industries,BRAZIL,4839033198.663202
1673,Chemicals & Allied Industries,PAKISTAN,4814867445.64342
1674,Chemicals & Allied Industries,IRELAND,4257228853.8707285
1675,Chemicals & Allied Industries,ISRAEL,3999462375.631139
1676,Chemicals & Allied Industries,TURKEY,3608209026.754611
1677,Chemicals & Allied Industries,SWEDEN,2530502665.891012
1678,Chemicals & Allied Industries,NEW ZEALAND,2466274024.9661727
1679,Chemicals & Allied Industries,PAPUA NEW GUINEA,2185786715.1686506
1680,Chemicals & Allied Industries,BRUNEI DARUSSALAM,1959632902.47183
1681,Chemicals & Allied Industries,SOUTH AFRICA,1832133670.9937992
1682,Chemicals & Allied Industries,BANGLADESH,1822199082.7809503
1683,Chemicals & Allied Industries,FINLAND,1807542022.2288814
1684,Chemicals & Allied Industries,SAUDI ARABIA,1529823201.8486304
1685,Chemicals & Allied Industries,POLAND,1497872693.7234678
1686,Chemicals & Allied Industries,NORWAY,1483536343.4855301
1687,Chemicals & Allied Industries,COLOMBIA,1483025190.2727594
1688,Chemicals & Allied Industries,AUSTRIA,1465973335.4202096
1689,Chemicals & Allied Industries,COSTA RICA,1322489009.9711907
1690,Chemicals & Allied Industries,SLOVENIA,1062310015.8457799
1691,Chemicals & Allied Industries,JORDAN,945944159.0052903
1692,Chemicals & Allied Industries,EGYPT,935943551.5999203
1693,Chemicals & Allied Industries,LAO PEOPLE'S DEMOCRATIC REPUBLIC,933700547.3637104
1694,Chemicals & Allied Industries,ARGENTINA,784916726.3949797
1695,Chemicals & Allied Industries,PUERTO RICO,761839934.8552402
1696,Chemicals & Allied Industries,GREECE,702576401.4267501
1697,Chemicals & Allied Industries,IRAQ,635228317.1185701
1698,Chemicals & Allied Industries,RUSSIAN FEDERATION,616980320.4708704
1699,Chemicals & Allied Industries,KUWAIT,608114711.6232399
1700,Chemicals & Allied Industries,"KOREA, DEM. PEOPLE'S REP.",563096889.8377599
1701,Chemicals & Allied Industries,CZECH REPUBLIC,554443764.23831
1702,Chemicals & Allied Industries,LITHUANIA,489770827.16202986
1703,Chemicals & Allied Industries,HUNGARY,488127359.4089398
1704,Chemicals & Allied Industries,GUATEMALA,488072751.2379101
1705,Chemicals & Allied Industries,KENYA,469987180.25780994
1706,Chemicals & Allied Industries,OMAN,468393217.36413
1707,Chemicals & Allied Industries,ALGERIA,443489045.64703
1708,Chemicals & Allied Industries,EQUATORIAL GUINEA,384856388.78628004
1709,Chemicals & Allied Industries,MOROCCO,285173325.7458099
1710,Chemicals & Allied Industries,ROMANIA,261412702.24887985
1711,Chemicals & Allied Industries,UZBEKISTAN,202237827.8818
1712,Chemicals & Allied Industries,MAURITIUS,188749925.01564002
1713,Chemicals & Allied Industries,PERU,166600310.37856004
1714,Chemicals & Allied Industries,BULGARIA,164828099.85182
1715,Chemicals & Allied Industries,PORTUGAL,115718068.99332999
1716,Chemicals & Allied Industries,BOSNIA-HERCEGOVINA,111197396.09326999
1717,Chemicals & Allied Industries,CYPRUS,96381999.72967002
1718,Chemicals & Allied Industries,ESTONIA,92771902.21862
1719,Chemicals & Allied Industries,LUXEMBOURG,87917414.30183001
1720,Chemicals & Allied Industries,UNITED STATES VIRGIN ISLANDS,83479511.74868001
1721,Chemicals & Allied Industries,MALTA,72762264.09209004
1722,Chemicals & Allied Industries,CHILE,72747107.07812001
1723,Chemicals & Allied Industries,SRI LANKA,59634424.02972
1724,Chemicals & Allied Industries,CUBA,56141012.15752001
1725,Chemicals & Allied Industries,BELARUS,55261466.3331
1726,Chemicals & Allied Industries,LIECHTENSTEIN,51262766.57644003
1727,Chemicals & Allied Industries,UKRAINE,45440633.63465001
1728,Chemicals & Allied Industries,NETHERLANDS ANTILLES,45148936.88998
1729,Chemicals & Allied Industries,"IRAN, ISLAMIC REPUBLIC OF",38297493.352369994
1730,Chemicals & Allied Industries,MACAU,19897939.045999996
1731,Chemicals & Allied Industries,LATVIA,17206660.23618
1732,Chemicals & Allied Industries,PANAMA,16220793.115560003
1733,Chemicals & Allied Industries,VENEZUELA,14024651.0
1734,Chemicals & Allied Industries,CROATIA,12956874.654489998
1735,Chemicals & Allied Industries,SAMOA,12318792.666
1736,Chemicals & Allied Industries,CAMBODIA,11703822.76462
1737,Chemicals & Allied Industries,GEORGIA,11532226.18966
1738,Chemicals & Allied Industries,HONDURAS,10816644.95165
1739,Chemicals & Allied Industries,NORFOLK ISLAND,9630925.9548
1740,Chemicals & Allied Industries,SLOVAKIA,6857703.265559998
1741,Chemicals & Allied Industries,ARUBA,6007673.88
1742,Chemicals & Allied Industries,BRITISH VIRGIN ISLANDS,5229285.24144
1743,Chemicals & Allied Industries,KIRIBATI,5035978.84875
1744,Chemicals & Allied Industries,BELIZE,5017344.0
1745,Chemicals & Allied Industries,MYANMAR (former BURMA),4878878.653500001
1746,Chemicals & Allied Industries,SIERRA LEONE,4567289.73183
1747,Chemicals & Allied Industries,BAHRAIN,3881487.2092
1748,Chemicals & Allied Industries,US MINOR OUTLYING ISLANDS,3880276.78259
1749,Chemicals & Allied Industries,REPUBLIC OF SERBIA,3737157.3814199995
1750,Chemicals & Allied Industries,ANGOLA,3511520.4168000007
1751,Chemicals & Allied Industries,SYRIAN ARAB REPUBLIC,3127750.9857700006
1752,Chemicals & Allied Industries,SEYCHELLES,3002336.5830999995
1753,Chemicals & Allied Industries,MONGOLIA,2804796.5556
1754,Chemicals & Allied Industries,WALLIS AND FUTUNA ISLANDS,2451759.61016
1755,Chemicals & Allied Industries,CHRISTMAS ISLANDS,2323150.8104
1756,Chemicals & Allied Industries,SWAZILAND,1688988.46404
1757,Chemicals & Allied Industries,KAZAKHSTAN,1671066.5156999999
1758,Chemicals & Allied Industries,ST. HELENA,1662326.1
1759,Chemicals & Allied Industries,COCOS (KEELING) ISLANDS,1524900.0
1760,Chemicals & Allied Industries,GABON,1461189.5999999999
1761,Chemicals & Allied Industries,GUAM,1090165.2463900002
1762,Chemicals & Allied Industries,MALAWI,923762.9
1763,Chemicals & Allied Industries,COOK ISLANDS,768290.8000000002
1764,Chemicals & Allied Industries,SAINT LUCIA,675834.0288000001
1765,Chemicals & Allied Industries,MARSHALL ISLANDS,602748.50312
1766,Chemicals & Allied Industries,GIBRALTAR,588137.24893
1767,Chemicals & Allied Industries,ANGUILLA,401281.79000000004
1768,Chemicals & Allied Industries,PARAGUAY,283154.253
1769,Chemicals & Allied Industries,JAMAICA,199983.8865
1770,Chemicals & Allied Industries,NAMIBIA,120917.5
1771,Chemicals & Allied Industries,Br.ind.oc.tr,117281.40499999998
1772,Chemicals & Allied Industries,NIGER,106777.91202
1773,Chemicals & Allied Industries,NORTHERN MARIANAS,105185.47432000004
1774,Chemicals & Allied Industries,NEPAL,76675.466
1775,Chemicals & Allied Industries,CAYMAN ISLANDS,73292.3991
1776,Chemicals & Allied Industries,YUGOSLAVIA (former Fed. of),68444.94217
1777,Chemicals & Allied Industries,LIBERIA,48664.16883
1778,Chemicals & Allied Industries,ECUADOR,22844.5188
1779,Chemicals & Allied Industries,Andorra,4347.803610000001
1780,Chemicals & Allied Industries,YEMEN,4038.91164
1781,Chemicals & Allied Industries,LEBANON,3489.2256
1782,Chemicals & Allied Industries,DOMINICAN REPUBLIC,161.772
1783,Animal & Animal Products,UNITED STATES,88331408378.63304
1784,Animal & Animal Products,NEW ZEALAND,77520670107.76341
1785,Animal & Animal Products,AUSTRALIA,38507057402.448586
1786,Animal & Animal Products,CHINA,32745091050.416924
1787,Animal & Animal Products,NETHERLANDS,28889062245.21431
1788,Animal & Animal Products,PAPUA NEW GUINEA,24965331744.458168
1789,Animal & Animal Products,"GERMANY, FEDERAL REPUBLIC OF",24659693628.40368
1790,Animal & Animal Products,BRAZIL,23557570352.10307
1791,Animal & Animal Products,CANADA,23050725212.4103
1792,Animal & Animal Products,INDIA,22463703995.89273
1793,Animal & Animal Products,VIET NAM,20605010637.484634
1794,Animal & Animal Products,SPAIN,17025896123.343332
1795,Animal & Animal Products,FRANCE,15808976157.56913
1796,Animal & Animal Products,IRELAND,13036780486.300684
1797,Animal & Animal Products,BELGIUM,9351000203.035028
1798,Animal & Animal Products,DENMARK,7951514619.553995
1799,Animal & Animal Products,MALAYSIA,7569741072.215303
1800,Animal & Animal Products,"TAIWAN, PROVINCE OF CHINA",6189272476.054208
1801,Animal & Animal Products,SINGAPORE,6071192107.88319
1802,Animal & Animal Products,UNITED KINGDOM,5952395278.78303
1803,Animal & Animal Products,JAPAN,5494309686.331765
1804,Animal & Animal Products,POLAND,4676827144.241618
1805,Animal & Animal Products,INDONESIA,4185429590.041515
1806,Animal & Animal Products,"KOREA, REPUBLIC OF",3064038631.441549
1807,Animal & Animal Products,CHILE,2348365066.0743423
1808,Animal & Animal Products,THAILAND,2147275634.5669186
1809,Animal & Animal Products,URUGUAY,2059210691.1082602
1810,Animal & Animal Products,NORWAY,1905365765.2789412
1811,Animal & Animal Products,KIRIBATI,1859420281.8276203
1812,Animal & Animal Products,MARSHALL ISLANDS,1351620101.03848
1813,Animal & Animal Products,FED. STATES OF MICRONESIA,1279631632.4821198
1814,Animal & Animal Products,"KOREA, DEM. PEOPLE'S REP.",1020000844.45776
1815,Animal & Animal Products,ARGENTINA,820854939.9237907
1816,Animal & Animal Products,TURKEY,680433139.4160286
1817,Animal & Animal Products,HONG KONG,648794243.4637004
1818,Animal & Animal Products,ITALY,615333552.6787889
1819,Animal & Animal Products,UKRAINE,563360532.91697
1820,Animal & Animal Products,AUSTRIA,539577161.3291903
1821,Animal & Animal Products,TUVALU,452732938.84050995
1822,Animal & Animal Products,NAURU,351203974.36236995
1823,Animal & Animal Products,MEXICO,347870642.17080003
1824,Animal & Animal Products,AMERICAN SAMOA,330158347.65784
1825,Animal & Animal Products,LITHUANIA,264717938.28448996
1826,Animal & Animal Products,SOLOMON ISLANDS,241730433.87967998
1827,Animal & Animal Products,SWITZERLAND,237734375.76573008
1828,Animal & Animal Products,CYPRUS,196141988.3598901
1829,Animal & Animal Products,CZECH REPUBLIC,153842162.10351995
1830,Animal & Animal Products,OMAN,144355715.88939998
1831,Animal & Animal Products,FINLAND,143084880.03216
1832,Animal & Animal Products,GREECE,106318886.74287003
1833,Animal & Animal Products,HUNGARY,91469436.77282001
1834,Animal & Animal Products,SLOVENIA,91352287.34429
1835,Animal & Animal Products,BANGLADESH,89937834.41760002
1836,Animal & Animal Products,SAUDI ARABIA,75370690.31838001
1837,Animal & Animal Products,ESTONIA,66369150.281190015
1838,Animal & Animal Products,GHANA,62562420.60145
1839,Animal & Animal Products,MAURITIUS,59473538.1312
1840,Animal & Animal Products,SOUTH AFRICA,56794955.683029994
1841,Animal & Animal Products,MALDIVES,54290250.422180004
1842,Animal & Animal Products,SURINAME,54227026.554
1843,Animal & Animal Products,RUSSIAN FEDERATION,51097676.06363999
1844,Animal & Animal Products,BELARUS,49791600.050000004
1845,Animal & Animal Products,UNITED ARAB EMIRATES,48783352.85481998
1846,Animal & Animal Products,CHRISTMAS ISLANDS,48758654.53236
1847,Animal & Animal Products,ECUADOR,46335917.622
1848,Animal & Animal Products,SWEDEN,41567663.39827
1849,Animal & Animal Products,NETHERLANDS ANTILLES,35496828.05839
1850,Animal & Animal Products,MOROCCO,34487854.78712
1851,Animal & Animal Products,TRINIDAD AND TOBAGO,32289020.1175
1852,Animal & Animal Products,PERU,28601600.87888
1853,Animal & Animal Products,SRI LANKA,26145628.11429
1854,Animal & Animal Products,GEORGIA,24096422.599650003
1855,Animal & Animal Products,EL SALVADOR,22911427.63494
1856,Animal & Animal Products,GUAM,22032687.64229999
1857,Animal & Animal Products,MYANMAR (former BURMA),21718857.3057
1858,Animal & Animal Products,PAKISTAN,18535330.155
1859,Animal & Animal Products,SEYCHELLES,16337048.985999998
1860,Animal & Animal Products,GAMBIA,15357368.0
1861,Animal & Animal Products,NEW CALEDONIA,15220503.144000001
1862,Animal & Animal Products,ISRAEL,12329644.324169999
1863,Animal & Animal Products,FAEROE ISLANDS,11418850.132199999
1864,Animal & Animal Products,ICELAND,10342108.588120002
1865,Animal & Animal Products,TUNISIA,9472285.421920002
1866,Animal & Animal Products,"IRAN, ISLAMIC REPUBLIC OF",8206860.70896
1867,Animal & Animal Products,CROATIA,7337338.39242
1868,Animal & Animal Products,EGYPT,7015567.131999999
1869,Animal & Animal Products,ROMANIA,4879616.4648
1870,Animal & Animal Products,UNITED STATES VIRGIN ISLANDS,4567195.29251
1871,Animal & Animal Products,PANAMA,4374540.126
1872,Animal & Animal Products,PORTUGAL,4356586.82944
1873,Animal & Animal Products,LATVIA,3303278.17903
1874,Animal & Animal Products,SAINT LUCIA,2753519.9999999995
1875,Animal & Animal Products,MOZAMBIQUE,2618290.5
1876,Animal & Animal Products,JAMAICA,2599354.28732
1877,Animal & Animal Products,MADAGASCAR,2168204.7720000003
1878,Animal & Animal Products,VANUATU,1889538.4999999998
1879,Animal & Animal Products,PHILIPPINES,1614804.0
1880,Animal & Animal Products,COSTA RICA,1604100.4339000003
1881,Animal & Animal Products,COLOMBIA,1581343.75
1882,Animal & Animal Products,CAPE VERDE,1546859.03064
1883,Animal & Animal Products,SIERRA LEONE,1138148.0
1884,Animal & Animal Products,KENYA,629995.7832599999
1885,Animal & Animal Products,CHAD,83289.85599999999
1886,Animal & Animal Products,BRITISH VIRGIN ISLANDS,37012.395
1887,Animal & Animal Products,REPUBLIC OF SERBIA,16135.943039999998
1888,Animal & Animal Products,MACAU,8056.905220000001
1889,Animal & Animal Products,LUXEMBOURG,4020.9508
1890,Animal & Animal Products,CAMBODIA,257.75
