category,word,count
Chemicals & Allied Industries,organic,272079
Chemicals & Allied Industries,products,217545
Chemicals & Allied Industries,chemicals,175303
Chemicals & Allied Industries,chemical,154221
Chemicals & Allied Industries,inorganic,146121
Chemicals & Allied Industries,miscellaneous,136060
Chemicals & Allied Industries,cosmet,103999
Chemicals & Allied Industries,essential,103999
Chemicals & Allied Industries,oils,103999
Chemicals & Allied Industries,perfumery,103999
Chemicals & Allied Industries,resinoid,103999
Chemicals & Allied Industries,dyeing,96941
Chemicals & Allied Industries,extracts,96941
Chemicals & Allied Industries,tannin,96941
Chemicals & Allied Industries,tanning,96941
Chemicals & Allied Industries,active,86213
Chemicals & Allied Industries,agents,86213
Chemicals & Allied Industries,soap,86213
Chemicals & Allied Industries,surface,86213
Chemicals & Allied Industries,washing,86213
Chemicals & Allied Industries,pharmaceutical,85525
Chemicals & Allied Industries,comp,72615
Chemicals & Allied Industries,albuminoidal,64467
Chemicals & Allied Industries,modified,64467
Chemicals & Allied Industries,starches,64467
Chemicals & Allied Industries,substances,64467
Chemicals & Allied Industries,medicaments,56448
Chemicals & Allied Industries,mixed,55385
Chemicals & Allied Industries,composite,29385
Chemicals & Allied Industries,diag,29385
Chemicals & Allied Industries,acyclic,23076
Chemicals & Allied Industries,prepared,21890
Chemicals & Allied Industries,compounds,19115
Chemicals & Allied Industries,binde,18234
Chemicals & Allied Industries,goods,17116
Chemicals & Allied Industries,insecticides,16725
Chemicals & Allied Industries,pickling,16277
Chemicals & Allied Industries,prepa,16277
Chemicals & Allied Industries,acids,10971
Chemicals & Allied Industries,cinematographic,10765
Chemicals & Allied Industries,photographic,10765
Chemicals & Allied Industries,eleme,10329
Chemicals & Allied Industries,cyclic,9645
Chemicals & Allied Industries,animal,9580
Chemicals & Allied Industries,alcohols,9558
Chemicals & Allied Industries,aminocompou,9468
Chemicals & Allied Industries,oxygenfunction,9468
Chemicals & Allied Industries,provitamins,9467
Chemicals & Allied Industries,vitamins,9467
Chemicals & Allied Industries,blood,9214
Chemicals & Allied Industries,human,9214
Chemicals & Allied Industries,compos,9003
Chemicals & Allied Industries,heterocyclic,8972
Chemicals & Allied Industries,fertilisers,8198
Chemicals & Allied Industries,fertilizers,8198
Chemicals & Allied Industries,mineral,7832
Chemicals & Allied Industries,monocarbox,7699
Chemicals & Allied Industries,saturated,7699
Chemicals & Allied Industries,photogr,7387
Chemicals & Allied Industries,gauze,7016
Chemicals & Allied Industries,wadding,7016
Chemicals & Allied Industries,carboxylic,6805
Chemicals & Allied Industries,oxygen,6805
Chemicals & Allied Industries,antiknock,4697
Chemicals & Allied Industries,unsaturated,4621
Chemicals & Allied Industries,polycarboxylic,4166
Chemicals & Allied Industries,acceler,4112
Chemicals & Allied Industries,rubber,4112
Chemicals & Allied Industries,agen,4030
Chemicals & Allied Industries,finishing,4030
Chemicals & Allied Industries,hydrocarbons,4029
Chemicals & Allied Industries,antibiotics,3741
Chemicals & Allied Industries,cultu,3656
Chemicals & Allied Industries,derivatives,3526
Chemicals & Allied Industries,organosulphur,3492
Chemicals & Allied Industries,activated,3188
Chemicals & Allied Industries,carb,3188
Chemicals & Allied Industries,chemica,3142
Chemicals & Allied Industries,ethers,3142
Chemicals & Allied Industries,ketone,3142
Chemicals & Allied Industries,peroxides,3142
Chemicals & Allied Industries,refractory,3131
Chemicals & Allied Industries,halogenated,2923
Chemicals & Allied Industries,industrial,2867
Chemicals & Allied Industries,aminefunction,2795
Chemicals & Allied Industries,compo,2629
Chemicals & Allied Industries,organoinorganic,2629
Chemicals & Allied Industries,salts,2533
Chemicals & Allied Industries,ketones,2330
Chemicals & Allied Industries,quinones,2330
Chemicals & Allied Industries,explosives,2311
Chemicals & Allied Industries,matches,2311
Chemicals & Allied Industries,pyrotechnic,2311
Chemicals & Allied Industries,amide,2177
Chemicals & Allied Industries,carboxyamidefunction,2177
Chemicals & Allied Industries,ammonium,2158
Chemicals & Allied Industries,quaternary,2158
Chemicals & Allied Industries,nitroge,2127
Chemicals & Allied Industries,initi,1970
Chemicals & Allied Industries,reaction,1970
Chemicals & Allied Industries,antibiotic,1928
Chemicals & Allied Industries,resi,1826
Chemicals & Allied Industries,rosin,1826
Chemicals & Allied Industries,antifreezing,1806
Chemicals & Allied Industries,brak,1692
Chemicals & Allied Industries,hydraulic,1692
Chemicals & Allied Industries,aldehydes,1570
Chemicals & Allied Industries,polymers,1570
Chemicals & Allied Industries,esters,1140
Chemicals & Allied Industries,epoxides,1058
Chemicals & Allied Industries,threemem,1058
Chemicals & Allied Industries,residual,1050
Chemicals & Allied Industries,penicillins,956
Chemicals & Allied Industries,styrene,885
Chemicals & Allied Industries,incl,775
Chemicals & Allied Industries,vegetable,766
Chemicals & Allied Industries,phenolalcohols,754
Chemicals & Allied Industries,phenols,754
Chemicals & Allied Industries,sulphonated,735
Chemicals & Allied Industries,nitrated,724
Chemicals & Allied Industries,artificial,695
Chemicals & Allied Industries,preparations,675
Chemicals & Allied Industries,produ,634
Chemicals & Allied Industries,wood,628
Chemicals & Allied Industries,hormones,583
Chemicals & Allied Industries,thereo,583
Chemicals & Allied Industries,azoxycompou,576
Chemicals & Allied Industries,diazo,576
Chemicals & Allied Industries,carboxyimidefunction,526
Chemicals & Allied Industries,unsatur,506
Chemicals & Allied Industries,sulphonamides,502
Chemicals & Allied Industries,cyclanes,467
Chemicals & Allied Industries,excl,423
Chemicals & Allied Industries,glucose,423
Chemicals & Allied Industries,pure,423
Chemicals & Allied Industries,sugars,423
Chemicals & Allied Industries,lyes,416
Chemicals & Allied Industries,alkaloids,400
Chemicals & Allied Industries,thei,400
Chemicals & Allied Industries,nitrilefunction,396
Chemicals & Allied Industries,glycosides,375
Chemicals & Allied Industries,tetracyclines,369
Chemicals & Allied Industries,toluene,360
Chemicals & Allied Industries,alkylben,336
Chemicals & Allied Industries,chloramphenicol,270
Chemicals & Allied Industries,phosphoric,249
Chemicals & Allied Industries,cinemat,236
Chemicals & Allied Industries,hydra,227
Chemicals & Allied Industries,ethylene,216
Chemicals & Allied Industries,nitrosated,196
Chemicals & Allied Industries,propene,173
Chemicals & Allied Industries,dried,145
Chemicals & Allied Industries,glands,145
Chemicals & Allied Industries,erythromycin,138
Chemicals & Allied Industries,cyclohexane,88
Chemicals & Allied Industries,butene,83
Chemicals & Allied Industries,streptomycins,80
Chemicals & Allied Industries,acetals,53
Chemicals & Allied Industries,hemiacetals,53
Chemicals & Allied Industries,benzene,45
Chemicals & Allied Industries,biodiesel,33
Chemicals & Allied Industries,mxylene,17
Chemicals & Allied Industries,pxylene,16
Chemicals & Allied Industries,cumene,12
Chemicals & Allied Industries,ethylben,11
Chemicals & Allied Industries,buta1,5
Transportation,railway,534836
Transportation,tramway,534836
Transportation,others,530153
Transportation,rollin,530153
Transportation,vehicles,530153
Transportation,parts,213912
Transportation,aircraft,108633
Transportation,spacecraft,108633
Transportation,thereof,108633
Transportation,locomotives,4683
Transportation,rollingstock,4683
Transportation,boats,3063
Transportation,floating,3063
Transportation,ships,3063
Transportation,structures,3063
Transportation,aircraf,2322
Transportation,yachts,912
Transportation,cruise,573
Transportation,balloon,407
Transportation,lightves,181
Transportation,vessels,176
Transportation,tugs,133
Transportation,parachu,75
Transportation,fishing,60
Mineral Products,mineral,112840
Mineral Products,fuels,56420
Mineral Products,oils,56420
Mineral Products,products,56420
Mineral Products,earths,19820
Mineral Products,plastering,19820
Mineral Products,salt,19820
Mineral Products,stone,19820
Mineral Products,sulphur,19820
Mineral Products,ores,2946
Mineral Products,slag,2435
Mineral Products,concentrate,316
Mineral Products,containing,296
Mineral Products,residues,296
Mineral Products,includi,292
Mineral Products,concentrates,285
Mineral Products,copper,267
Mineral Products,iron,250
Mineral Products,concentra,247
Mineral Products,niobium,236
Mineral Products,tantalum,236
Mineral Products,vanadium,236
Mineral Products,titanium,162
Mineral Products,granulated,93
Mineral Products,sand,93
Mineral Products,tungsten,64
Mineral Products,concentr,61
Mineral Products,metal,58
Mineral Products,precious,58
Mineral Products,aluminium,45
Mineral Products,nickel,41
Mineral Products,concent,39
Mineral Products,molybdenum,39
Mineral Products,chromium,21
Mineral Products,dross,17
Mineral Products,manganese,16
Mineral Products,zinc,9
Mineral Products,cobalt,8
Textiles,fabrics,380741
Textiles,accessories,281153
Textiles,apparel,281153
Textiles,clothing,281153
Textiles,textile,224167
Textiles,woven,210992
Textiles,special,130054
Textiles,manmade,124288
Textiles,cotton,123756
Textiles,knitted,123432
Textiles,made,118669
Textiles,sets,118669
Textiles,worn,118669
Textiles,tufted,88674
Textiles,crocheted,68169
Textiles,fibres,67613
Textiles,yarn,66742
Textiles,staple,64759
Textiles,coated,51973
Textiles,covered,51973
Textiles,impregnated,51973
Textiles,laminated,51973
Textiles,text,51973
Textiles,filaments,50605
Textiles,synthetic,44705
Textiles,felts,41380
Textiles,wadding,41380
Textiles,wovens,41380
Textiles,sewing,31763
Textiles,croche,19348
Textiles,thread,18586
Textiles,floor,14516
Textiles,carpets,13654
Textiles,covering,13654
Textiles,filament,12562
Textiles,thre,12110
Textiles,carpe,9452
Textiles,pile,9018
Textiles,artificial,6189
Textiles,fibr,5538
Textiles,excl,5464
Textiles,silk,5437
Textiles,manma,4316
Textiles,knit,3888
Textiles,warp,3888
Textiles,paper,3170
Textiles,vegetable,3170
Textiles,waste,2800
Textiles,carded,2081
Textiles,stapl,1999
Textiles,prin,1963
Textiles,combed,1790
Textiles,animal,1776
Textiles,coarse,1776
Textiles,fine,1776
Textiles,hair,1776
Textiles,horsehair,1776
Textiles,wool,1776
Textiles,artifi,1372
Textiles,stap,830
Textiles,incl,542
Textiles,garn,498
Textiles,monofilament,355
Textiles,fibre,316
Textiles,unbl,225
Textiles,dyed,155
Textiles,colo,115
Textiles,blea,80
Textiles,cocoons,48
Textiles,reeling,25
Textiles,silkworm,25
Textiles,suitable,25
Textiles,unsuitable,23
Textiles,retail,22
Textiles,sale,22
Textiles,silkw,22
Textiles,spun,22
Textiles,noils,21
Textiles,thrown,16
Textiles,wastenot,9
Footwear / Headgear,parts,157108
Footwear / Headgear,footwear,128416
Footwear / Headgear,gaiters,128416
Footwear / Headgear,headgear,37882
Footwear / Headgear,umbrellas,35206
Footwear / Headgear,thereof,28692
Footwear / Headgear,hats,19730
Footwear / Headgear,seat,17603
Footwear / Headgear,walkingsticks,17603
Footwear / Headgear,head,17372
Footwear / Headgear,feathers,10129
Footwear / Headgear,made,10129
Footwear / Headgear,prepared,10129
Footwear / Headgear,safe,6832
Footwear / Headgear,headbands,1986
Footwear / Headgear,linings,1986
Footwear / Headgear,bodi,131
Footwear / Headgear,hatforms,131
Footwear / Headgear,hatshapes,13
Footwear / Headgear,plaited,13
"Raw Hides, Skins, Leather, & Furs",harness,149690
"Raw Hides, Skins, Leather, & Furs",leather,149690
"Raw Hides, Skins, Leather, & Furs",saddlery,149690
"Raw Hides, Skins, Leather, & Furs",furskins,28802
"Raw Hides, Skins, Leather, & Furs",hides,26575
"Raw Hides, Skins, Leather, & Furs",skins,26575
"Raw Hides, Skins, Leather, & Furs",artificial,2227
"Raw Hides, Skins, Leather, & Furs",manufactures,2227
"Raw Hides, Skins, Leather, & Furs",ther,2227
Machinery / Electrical,machinery,5218431
Machinery / Electrical,electrical,2897328
Machinery / Electrical,equipment,2897328
Machinery / Electrical,parts,2897328
Machinery / Electrical,boilers,2321103
Machinery / Electrical,mecha,2321103
Machinery / Electrical,nuclear,2321103
Machinery / Electrical,reactors,2321103
Miscellaneous,cinematographic,596170
Miscellaneous,measur,596170
Miscellaneous,optical,596170
Miscellaneous,photographic,596170
Miscellaneous,bedding,320132
Miscellaneous,furniture,320132
Miscellaneous,mattress,320132
Miscellaneous,mattresses,320132
Miscellaneous,suppo,320132
Miscellaneous,parts,194773
Miscellaneous,manufactured,167264
Miscellaneous,miscellaneous,167264
Miscellaneous,games,136020
Miscellaneous,requisites,136020
Miscellaneous,sports,136020
Miscellaneous,toys,136020
Miscellaneous,brooms,52733
Miscellaneous,clocks,40228
Miscellaneous,thereof,39970
Miscellaneous,watches,39970
Miscellaneous,combs,19289
Miscellaneous,fast,18892
Miscellaneous,slide,18892
Miscellaneous,accessories,18783
Miscellaneous,buttons,16028
Miscellaneous,ballpoint,15522
Miscellaneous,sanitary,13888
Miscellaneous,instruments,12382
Miscellaneous,musical,12382
Miscellaneous,wristwat,11966
Miscellaneous,watch,10103
Miscellaneous,typewriter,7439
Miscellaneous,ammunition,6401
Miscellaneous,arms,6401
Miscellaneous,pencils,4933
Miscellaneous,vacuum,3773
Miscellaneous,time,3594
Miscellaneous,scent,2940
Miscellaneous,spra,2940
Miscellaneous,slates,2812
Miscellaneous,date,2083
Miscellaneous,seal,2083
Miscellaneous,tailors,1892
Miscellaneous,antiques,1578
Miscellaneous,collectors,1578
Miscellaneous,pieces,1578
Miscellaneous,works,1578
Miscellaneous,travel,1530
Miscellaneous,cigarette,1529
Miscellaneous,worked,1348
Miscellaneous,swit,1304
Miscellaneous,clock,455
Miscellaneous,hand,420
Miscellaneous,sieve,420
Miscellaneous,complete,244
Miscellaneous,smoking,213
Miscellaneous,instrumen,154
Vegetable Products,edible,64863
Vegetable Products,fruits,54048
Vegetable Products,citrus,39029
Vegetable Products,fruit,39029
Vegetable Products,nuts,39029
Vegetable Products,peel,39029
Vegetable Products,vegetable,35599
Vegetable Products,animal,29595
Vegetable Products,fats,29595
Vegetable Products,oils,29595
Vegetable Products,certain,25834
Vegetable Products,root,25834
Vegetable Products,tubers,25834
Vegetable Products,vegetables,25834
Vegetable Products,coffee,21007
Vegetable Products,cereals,18458
Vegetable Products,industry,15939
Vegetable Products,malt,15939
Vegetable Products,milling,15939
Vegetable Products,products,15939
Vegetable Products,starch,15939
Vegetable Products,seeds,15534
Vegetable Products,rice,15464
Vegetable Products,miscellaneous,15019
Vegetable Products,oleaginous,15019
Vegetable Products,mate,14057
Vegetable Products,spices,14029
Vegetable Products,meslin,5594
Vegetable Products,wheat,5594
Vegetable Products,gums,5406
Vegetable Products,resins,5406
Vegetable Products,saps,5406
Vegetable Products,milled,4116
Vegetable Products,semimilled,4116
Vegetable Products,wholly,4116
Vegetable Products,seed,3918
Vegetable Products,pepper,3570
Vegetable Products,broken,3159
Vegetable Products,maize,3124
Vegetable Products,maizecorn,3124
Vegetable Products,ginger,2463
Vegetable Products,saffron,2463
Vegetable Products,excl,2405
Vegetable Products,green,1801
Vegetable Products,black,1726
Vegetable Products,teawhe,1210
Vegetable Products,teafer,1020
Vegetable Products,bulbs,657
Vegetable Products,live,657
Vegetable Products,plants,657
Vegetable Products,roots,657
Vegetable Products,trees,657
Vegetable Products,grain,614
Vegetable Products,sorghum,614
Vegetable Products,oats,534
Vegetable Products,buckwheat,529
Vegetable Products,canary,529
Vegetable Products,millet,529
Vegetable Products,anise,515
Vegetable Products,husk,419
Vegetable Products,paddy,419
Vegetable Products,rough,419
Vegetable Products,barley,321
Vegetable Products,materials,299
Vegetable Products,plaiting,299
Vegetable Products,produc,299
Vegetable Products,cinn,193
Vegetable Products,cinnamon,193
Vegetable Products,mace,174
Vegetable Products,nutmeg,174
Vegetable Products,crushed,61
Vegetable Products,cloves,52
Vegetable Products,brown,38
Vegetable Products,husked,38
Vegetable Products,vanilla,32
Vegetable Products,neither,23
Foodstuffs,preparations,175409
Foodstuffs,edible,90878
Foodstuffs,miscellaneous,90878
Foodstuffs,sugar,79968
Foodstuffs,food,77721
Foodstuffs,othe,59048
Foodstuffs,cereals,57428
Foodstuffs,flour,57428
Foodstuffs,milk,57428
Foodstuffs,starch,57428
Foodstuffs,fruit,56426
Foodstuffs,nuts,56426
Foodstuffs,preparation,56426
Foodstuffs,vegetables,56426
Foodstuffs,cocoa,42449
Foodstuffs,prepara,41495
Foodstuffs,industries,36226
Foodstuffs,residues,36226
Foodstuffs,waste,36226
Foodstuffs,confectionery,33011
Foodstuffs,vinegar,30182
Foodstuffs,beverages,28082
Foodstuffs,spirits,28082
Foodstuffs,sauces,24197
Foodstuffs,extracts,17012
Foodstuffs,sugars,16169
Foodstuffs,chocolate,14776
Foodstuffs,tobacco,14510
Foodstuffs,confection,13946
Foodstuffs,incl,8283
Foodstuffs,waters,8283
Foodstuffs,crustacea,8028
Foodstuffs,fish,8028
Foodstuffs,meats,8028
Foodstuffs,manufactured,7255
Foodstuffs,substitutes,7255
Foodstuffs,undenatured,6685
Foodstuffs,fresh,6566
Foodstuffs,wine,6566
Foodstuffs,powder,3713
Foodstuffs,soups,3665
Foodstuffs,alcohol,2639
Foodstuffs,ethyl,2639
Foodstuffs,yeasts,2622
Foodstuffs,beet,2477
Foodstuffs,cane,2477
Foodstuffs,cream,1887
Foodstuffs,beer,1345
Foodstuffs,made,1345
Foodstuffs,molasses,419
Foodstuffs,resulti,419
Foodstuffs,fermented,415
Foodstuffs,paste,247
Foodstuffs,whet,247
Foodstuffs,butter,175
Foodstuffs,shells,112
Foodstuffs,beans,52
Foodstuffs,whol,52
Foodstuffs,vermouth,49
Plastics / Rubbers,thereof,1303975
Plastics / Rubbers,plastics,979123
Plastics / Rubbers,rubber,342478
Plastics / Rubbers,plates,115398
Plastics / Rubbers,tubes,113465
Plastics / Rubbers,pipes,107876
Plastics / Rubbers,selfadhesive,106902
Plastics / Rubbers,kitch,81056
Plastics / Rubbers,tableware,81056
Plastics / Rubbers,polymers,72377
Plastics / Rubbers,pneumatic,37618
Plastics / Rubbers,tyre,37618
Plastics / Rubbers,polyethers,34354
Plastics / Rubbers,conveyor,33600
Plastics / Rubbers,transm,33600
Plastics / Rubbers,ethy,19657
Plastics / Rubbers,aminoresins,16500
Plastics / Rubbers,prop,15944
Plastics / Rubbers,builders,15564
Plastics / Rubbers,ware,15564
Plastics / Rubbers,styr,13112
Plastics / Rubbers,acrylic,11440
Plastics / Rubbers,appare,10584
Plastics / Rubbers,viny,10358
Plastics / Rubbers,floor,10318
Plastics / Rubbers,wall,10318
Plastics / Rubbers,silicones,9576
Plastics / Rubbers,sheets,7276
Plastics / Rubbers,polyamides,7203
Plastics / Rubbers,synthetic,6338
Plastics / Rubbers,baths,6036
Plastics / Rubbers,showerba,6036
Plastics / Rubbers,inner,5589
Plastics / Rubbers,ofrub,5589
Plastics / Rubbers,monofilament,5242
Plastics / Rubbers,retreaded,4729
Plastics / Rubbers,used,4729
Plastics / Rubbers,natural,4497
Plastics / Rubbers,cellulose,3939
Plastics / Rubbers,petroleum,3840
Plastics / Rubbers,resins,3840
Plastics / Rubbers,compounded,3634
Plastics / Rubbers,parings,2608
Plastics / Rubbers,waste,2608
Plastics / Rubbers,hygienic,2407
Plastics / Rubbers,pharma,2407
Plastics / Rubbers,vulcanized,2380
Plastics / Rubbers,hard,1974
Plastics / Rubbers,forms,1215
Plastics / Rubbers,ionexchangers,1023
Plastics / Rubbers,reclaimed,669
Metals,iron,968736
Metals,steel,951843
Metals,base,351911
Metals,cutlery,308410
Metals,forks,308410
Metals,implements,308410
Metals,spoons,308410
Metals,tools,308410
Metals,bolts,262787
Metals,nuts,262787
Metals,screws,262787
Metals,metal,246262
Metals,miscellaneous,246262
Metals,thereof,204379
Metals,aluminium,158280
Metals,copper,118631
Metals,meta,98301
Metals,wire,87752
Metals,tube,72801
Metals,nonalloy,63310
Metals,pipe,62548
Metals,fitting,61555
Metals,ironsteel,58044
Metals,structure,55094
Metals,kitchen,53997
Metals,table,53997
Metals,leaves,52728
Metals,springs,52728
Metals,tubes,47148
Metals,bars,41599
Metals,padlocks,38231
Metals,pipes,36134
Metals,clasps,32502
Metals,rolled,31642
Metals,rods,30217
Metals,nails,24769
Metals,angles,19500
Metals,stranded,18779
Metals,knit,17584
Metals,needles,17584
Metals,sewing,17584
Metals,hotrolled,17547
Metals,products,16914
Metals,struc,16888
Metals,wholly,16535
Metals,chain,14894
Metals,parts,14894
Metals,ther,14894
Metals,flatrolled,14463
Metals,cable,12655
Metals,foil,12649
Metals,cloth,11649
Metals,grill,11649
Metals,nettin,11649
Metals,tanks,11330
Metals,bells,11315
Metals,signplat,11220
Metals,casks,11152
Metals,plate,10672
Metals,lead,10333
Metals,nickel,10263
Metals,sanitary,10231
Metals,ware,10231
Metals,stoppers,9968
Metals,grat,9945
Metals,ranges,9945
Metals,stoves,9945
Metals,plates,9447
Metals,drums,9095
Metals,stainle,8988
Metals,sections,8698
Metals,shapes,8698
Metals,filing,8517
Metals,drawin,8234
Metals,tacks,8234
Metals,fittings,7452
Metals,cements,7348
Metals,metals,7348
Metals,unwrought,7059
Metals,zinc,7050
Metals,stainles,6892
Metals,coldrolled,6407
Metals,stainless,5956
Metals,compr,5388
Metals,containers,5388
Metals,cast,5221
Metals,refined,5053
Metals,alloy,4584
Metals,constr,4457
Metals,railway,4457
Metals,track,4457
Metals,flexible,4009
Metals,circular,3760
Metals,armoured,3523
Metals,waste,3428
Metals,incl,3159
Metals,piling,3142
Metals,sheet,3142
Metals,scrap,3105
Metals,ferrous,3052
Metals,remelt,2946
Metals,alumi,2820
Metals,powders,2687
Metals,ofiron,2345
Metals,semifinished,2345
Metals,reservoirs,2235
Metals,ingots,2139
Metals,profi,1973
Metals,centra,1613
Metals,radiators,1613
Metals,androds,1604
Metals,hotro,1604
Metals,barbed,1485
Metals,othe,1485
Metals,forge,1346
Metals,anchors,1267
Metals,grapnels,1267
Metals,primary,1231
Metals,ferroalloys,1196
Metals,sheets,1186
Metals,granules,1015
Metals,refin,937
Metals,unwro,895
Metals,unrefined,809
Metals,conta,485
Metals,dust,340
Metals,powde,321
Metals,ferromanganese,292
Metals,ferrosilicon,275
Metals,reser,262
Metals,alloys,251
Metals,master,251
Metals,spiegeleisen,221
Metals,ferrosilicomanga,217
Metals,mattes,167
Metals,ferrochromium,114
Metals,ferromolybdenum,52
Metals,ferrotitanium,10
Stone / Glass,glass,171022
Stone / Glass,glassware,136159
Stone / Glass,ceramic,135152
Stone / Glass,products,80194
Stone / Glass,asbestos,77984
Stone / Glass,cement,77984
Stone / Glass,plaster,77984
Stone / Glass,stone,77984
Stone / Glass,tableware,33697
Stone / Glass,table,28446
Stone / Glass,used,28446
Stone / Glass,incl,24640
Stone / Glass,cultured,20297
Stone / Glass,natural,20297
Stone / Glass,pearls,20297
Stone / Glass,precious,20297
Stone / Glass,semip,20297
Stone / Glass,flags,17748
Stone / Glass,kithenware,17178
Stone / Glass,mirrors,16620
Stone / Glass,rear,16620
Stone / Glass,paving,13865
Stone / Glass,glazed,12487
Stone / Glass,bottles,10749
Stone / Glass,carboys,10749
Stone / Glass,flasks,10749
Stone / Glass,consisting,10550
Stone / Glass,safety,10550
Stone / Glass,basins,10005
Stone / Glass,sinks,10005
Stone / Glass,wash,10005
Stone / Glass,fibres,7329
Stone / Glass,hygienic,5666
Stone / Glass,laboratory,5666
Stone / Glass,pavin,5261
Stone / Glass,unglazed,5261
Stone / Glass,float,5090
Stone / Glass,surface,5090
Stone / Glass,ornament,4535
Stone / Glass,statuettes,4535
Stone / Glass,refractory,4269
Stone / Glass,labo,3912
Stone / Glass,wares,3912
Stone / Glass,blocks,3895
Stone / Glass,cerami,3755
Stone / Glass,balls,3274
Stone / Glass,rods,3274
Stone / Glass,smallwares,3186
Stone / Glass,bricks,3055
Stone / Glass,good,2253
Stone / Glass,insulating,2041
Stone / Glass,multiplewalled,2041
Stone / Glass,tiles,1507
Stone / Glass,signalling,1353
Stone / Glass,chimneypots,1006
Stone / Glass,roofing,1006
Stone / Glass,cast,830
Stone / Glass,glas,830
Stone / Glass,rolled,830
Stone / Glass,envelopes,691
Stone / Glass,building,538
Stone / Glass,floo,538
Stone / Glass,clock,528
Stone / Glass,glasses,528
Stone / Glass,watch,528
Stone / Glass,ofsi,501
Stone / Glass,drawnblown,430
Stone / Glass,shee,430
Stone / Glass,cullet,244
Stone / Glass,waste,244
Stone / Glass,conduits,228
Stone / Glass,gutt,228
Stone / Glass,pipes,228
Wood & Wood Products,paper,575802
Wood & Wood Products,pulp,293913
Wood & Wood Products,paperboard,287901
Wood & Wood Products,wood,274266
Wood & Wood Products,charcoal,85641
Wood & Wood Products,books,63048
Wood & Wood Products,newspapers,63048
Wood & Wood Products,pictures,63048
Wood & Wood Products,printed,63048
Wood & Wood Products,plywo,19012
Wood & Wood Products,packi,18719
Wood & Wood Products,fibre,8080
Wood & Wood Products,build,7415
Wood & Wood Products,cellulosic,6012
Wood & Wood Products,fibrous,6012
Wood & Wood Products,cork,3518
Wood & Wood Products,parti,3358
Wood & Wood Products,venee,3126
Wood & Wood Products,woode,2781
Wood & Wood Products,esparto,2134
Wood & Wood Products,manufactures,2134
Wood & Wood Products,straw,2134
Wood & Wood Products,table,1494
Wood & Wood Products,casks,878
Wood & Wood Products,agglomerated,802
Wood & Wood Products,fuel,504
Wood & Wood Products,natural,471
Wood & Wood Products,densi,363
Wood & Wood Products,tools,355
Wood & Wood Products,hoopw,192
Wood & Wood Products,waste,133
Wood & Wood Products,deback,37
Wood & Wood Products,railw,22
Animal & Animal Products,meat,286120
Animal & Animal Products,edible,170466
Animal & Animal Products,offal,138202
Animal & Animal Products,birds,41894
Animal & Animal Products,dairy,41894
Animal & Animal Products,eggs,41894
Animal & Animal Products,honey,41894
Animal & Animal Products,natural,41894
Animal & Animal Products,produce,41894
Animal & Animal Products,aquati,29786
Animal & Animal Products,crustaceans,29786
Animal & Animal Products,fish,29786
Animal & Animal Products,mollusc,29786
Animal & Animal Products,bovine,21954
Animal & Animal Products,swine,15091
Animal & Animal Products,poultry,8837
Animal & Animal Products,live,8036
Animal & Animal Products,animals,4642
Animal & Animal Products,asses,3284
Animal & Animal Products,horses,3284
Animal & Animal Products,mules,3284
Animal & Animal Products,animal,2485
Animal & Animal Products,elsewhere,2485
Animal & Animal Products,origin,2485
Animal & Animal Products,products,2485
Animal & Animal Products,speci,2485
Animal & Animal Products,sheep,540
Animal & Animal Products,goats,30
Animal & Animal Products,breedi,7
Animal & Animal Products,purebred,7
Animal & Animal Products,fowls,1
Animal & Animal Products,specie,1
